protein	fs	provenance	confidence	literature_source	note
abcrystallin	0	Literature-researched (this session, Sept 2026) — please double-check	Medium	PMC9880180 (pan-cancer CRYAB analysis); PubMed 22158051 (tumor-suppressive in nasopharyngeal carcinoma via cadherin/catenin junction); bioRxiv 2022.07.27.501790 (oncogenic, promotes tumorigenesis/metastasis in breast cancer)	CRYAB/alphaB-crystallin; genuinely conflicting oncogenic vs tumor-suppressive reports across cancer types, no consensus direction
acc1	1	Verified (from repo file fs_mod.csv)	Verified (from repo file)	fs_mod.csv (repo file, pre-existing verified value)	
acc1ps79	1	Literature-researched (this session, Sept 2026) — please double-check	Medium	fs_mod.csv established acc1=1 and accps79=1 (verified core-dataset precedent, identical marker); Sciencedirect S1550413118305217 (phospho-ACC-S79 suppresses lipogenesis/HCC)	ACC1 (ACACA) phospho-Ser79; site is AMPK-inhibitory (reduces lipogenic flux, arguably anti-tumor at site level) but assigned +1 for consistency with established dataset convention for this exact marker; mechanistic tension flagged
acvrl1	1	Verified (from repo file fs_mod.csv)	Verified (from repo file)	fs_mod.csv (repo file, pre-existing verified value)	
adar1	1	Verified (from repo file fs_mod.csv)	Verified (from repo file)	fs_mod.csv (repo file, pre-existing verified value)	
aib1	1	Literature-researched (this session, Sept 2026) — please double-check	High	Nature aps200650 (SRC-3/AIB1 oncogenic coactivator review); PMC4546471 (AIB1 amplification, poor survival in gastric cancer); PMC2898573 (AIB1 knockout inhibits prostate cancer progression in mice)	AIB1/NCOA3/SRC-3; amplified steroid-receptor coactivator, well-established oncogene in breast/prostate/gastric cancer
akt	1	Verified (from repo file fs_mod.csv)	Verified (from repo file)	fs_mod.csv (repo file, pre-existing verified value)	
akt3	1	Literature-researched (this session, Sept 2026) — please double-check	High	Nature Reviews Cancer s41568-019-0216-7 (PI3K-AKT oncogenic signaling network review); UniProt Q9Y243	AKT3; PI3K-AKT pathway effector kinase, amplified/activated in melanoma and other cancers, classic oncogene
aktps473	1	Verified (from repo file fs_mod.csv)	Verified (from repo file)	fs_mod.csv (repo file, pre-existing verified value)	
aktpt308	1	Verified (from repo file fs_mod.csv)	Verified (from repo file)	fs_mod.csv (repo file, pre-existing verified value)	
alphacatenin	1	Verified (from repo file fs_mod.csv)	Verified (from repo file)	fs_mod.csv (repo file, pre-existing verified value)	
alphatubulin	0	Literature-researched (this session, Sept 2026) — please double-check	High	Structural cytoskeletal housekeeping protein, commonly used as RPPA/immunoblot loading control; analogous to GAPDH=0 precedent verified in fs_mod.csv; PMC11410638/Nature s41598-024-58982-z (tubulin isoforms correlate with prognosis but no causal oncogene/TSG role established)	Alpha-tubulin; structural/housekeeping, not a growth-signaling protein
ampka2ps345	1	Verified (from repo file fs_mod.csv)	Verified (from repo file)	fs_mod.csv (repo file, pre-existing verified value)	
ampkalpha	1	Verified (from repo file fs_mod.csv)	Verified (from repo file)	fs_mod.csv (repo file, pre-existing verified value)	
ampkapt172	1	Verified (from repo file fs_mod.csv)	Verified (from repo file)	fs_mod.csv (repo file, pre-existing verified value)	
annexin1	-1	Verified (from repo file fs_mod.csv)	Verified (from repo file)	fs_mod.csv (repo file, pre-existing verified value)	
annexinvii	-1	Verified (from repo file fs_mod.csv)	Verified (from repo file)	fs_mod.csv (repo file, pre-existing verified value)	
ar	1	Verified (from repo file fs_mod.csv)	Verified (from repo file)	fs_mod.csv (repo file, pre-existing verified value)	
araf	1	Verified (from repo file fs_mod.csv)	Verified (from repo file)	fs_mod.csv (repo file, pre-existing verified value)	
arafps299	1	Verified (from repo file fs_mod.csv)	Verified (from repo file)	fs_mod.csv (repo file, pre-existing verified value)	
arhi	-1	Literature-researched (this session, Sept 2026) — please double-check	High	Oncogene onc2011213 / PMC3170676 (ARHI/DIRAS3 suppresses ovarian cancer migration via Stat3/FAK-Rho); Wikipedia DIRAS3	ARHI/DIRAS3; imprinted tumor suppressor, silenced in ovarian and breast cancer
arid1a	-1	Verified (from repo file fs_mod.csv)	Verified (from repo file)	fs_mod.csv (repo file, pre-existing verified value)	
asns	1	Verified (from repo file fs_mod.csv)	Verified (from repo file)	fs_mod.csv (repo file, pre-existing verified value)	
atg12	-1	Literature-researched (this session, Sept 2026) — please double-check	Medium	fs_mod.csv established atg3=-1, atg7=-1 (verified, same ubiquitin-like conjugation module); Molecular Cancer s12943-020-1138-4 (autophagy dual role review)	ATG12; core member of the ATG12-ATG5-ATG16L1 conjugation cascade alongside ATG3/ATG7 (already -1 in dataset); aligned for internal consistency despite broader autophagy dual-role literature
atg3	-1	Verified (from repo file fs_mod.csv)	Verified (from repo file)	fs_mod.csv (repo file, pre-existing verified value)	
atg5	-1	Literature-researched (this session, Sept 2026) — please double-check	Medium	fs_mod.csv established atg3=-1, atg7=-1 (verified, same conjugation module); Science Translational Medicine scitranslmed.3005864 (ATG5 loss contributes to early melanoma) vs PMC5059867 (ATG5-dependent autophagy supports AML)	ATG5; same LC3-lipidation conjugation machinery as ATG3/ATG7 (already -1 in dataset); aligned for consistency, though literature shows genuine context-dependence
atg7	-1	Verified (from repo file fs_mod.csv)	Verified (from repo file)	fs_mod.csv (repo file, pre-existing verified value)	
atm	1	Verified (from repo file fs_mod.csv)	Verified (from repo file)	fs_mod.csv (repo file, pre-existing verified value)	
atmps1981	1	Verified (from repo file fs_mod.csv)	Verified (from repo file)	fs_mod.csv (repo file, pre-existing verified value)	
atp5a	0	Literature-researched (this session, Sept 2026) — please double-check	High	Human Protein Atlas ATP5F1A; PMC9980697 (ATP5F1A phosphorylation affects prostate cancer survival but subunit itself is housekeeping OXPHOS); analogous to GAPDH=0 precedent in fs_mod.csv	ATP5A/ATP5F1A; Complex V (ATP synthase) housekeeping mitochondrial subunit, no established oncogene/TSG role
atp5h	0	Literature-researched (this session, Sept 2026) — please double-check	High	Wikipedia ATP5PD/ATP5H; PMC6118592 (ATP5H loss affects therapy resistance but subunit is core OXPHOS housekeeping)	ATP5H/ATP5PD; Complex V (ATP synthase) peripheral stalk subunit, housekeeping/metabolic
atpsynthasesubunita	0	Literature-researched (this session, Sept 2026) — please double-check	High	NCBI Gene ATP synthase subunit a (MT-ATP6/ATP5PB family); core OXPHOS Complex V component, analogous to GAPDH=0 precedent	ATP synthase subunit a; housekeeping mitochondrial, no established oncogene/TSG role
atpsynthasesubunitd	0	Literature-researched (this session, Sept 2026) — please double-check	High	Wikipedia ATP5PD; core OXPHOS Complex V component, analogous to GAPDH=0 precedent	ATP synthase subunit d; housekeeping mitochondrial, no established oncogene/TSG role
atr	-1	Literature-researched (this session, Sept 2026) — please double-check	High	fs_mod.csv atrps428=-1 (verified precedent); AACR clincancerres 21/21/4780 (ATR molecular pathways in cancer therapy)	ATR; DNA-damage checkpoint sensor kinase, genome caretaker; germline mutations cause Seckel syndrome with cancer predisposition
atrip	-1	Literature-researched (this session, Sept 2026) — please double-check	Medium	Cancer Research 67/13/6100 (ATRIP-BRCA1 interaction in checkpoint function); ATRIP has no known function independent of the ATR complex	ATRIP; obligate ATR-binding partner/activator, tracks with ATR's -1 (established atrps428 precedent)
atrps428	-1	Verified (from repo file fs_mod.csv)	Verified (from repo file)	fs_mod.csv (repo file, pre-existing verified value)	
atrx	-1	Literature-researched (this session, Sept 2026) — please double-check	High	Nature Communications s41467-018-03476-6 (ATRX loss drives glioma phenotype via epigenomic remodeling); MDPI cancers-15-02228 (ATRX chromatin remodeler review)	ATRX; chromatin remodeler, well-established tumor suppressor in glioma (IDH-mutant astrocytoma marker) and pancreatic neuroendocrine tumors
auroraapt288	1	Literature-researched (this session, Sept 2026) — please double-check	High	Oncogene 1209754 (Thr288 autophosphorylation = activation-loop mark, active kinase); fs_mod.csv aurorab=1 (paralog precedent, verified)	Aurora Kinase A phospho-Thr288; activating autophosphorylation mark on classic amplified mitotic oncogene/drug target
aurorab	1	Verified (from repo file fs_mod.csv)	Verified (from repo file)	fs_mod.csv (repo file, pre-existing verified value)	
axl	1	Verified (from repo file fs_mod.csv)	Verified (from repo file)	fs_mod.csv (repo file, pre-existing verified value)	
axlpt702	1	Literature-researched (this session, Sept 2026) — please double-check	High	Nature s41392-024-02121-7 (AXL signaling in cancer review); Molecular Cancer s12943-019-1090-3	AXL receptor tyrosine kinase phospho-Tyr702; activation-loop-region autophosphorylation, drives EMT and therapy resistance, oncogenic
b7h3	1	Literature-researched (this session, Sept 2026) — please double-check	Medium	Molecular Cancer s12943-023-01751-9; Frontiers fimmu.2026.1857767 (B7-H3/CD276 actionable therapeutic target and prognostic biomarker across malignancies)	CD276/B7-H3; broadly overexpressed on tumor cells, promotes immune evasion, associated with worse prognosis in most solid tumors
b7h4	1	Verified (from repo file fs_mod.csv)	Verified (from repo file)	fs_mod.csv (repo file, pre-existing verified value)	
bactin	1	Verified (from repo file fs_mod.csv)	Verified (from repo file)	fs_mod.csv (repo file, pre-existing verified value)	
badps112	1	Verified (from repo file fs_mod.csv)	Verified (from repo file)	fs_mod.csv (repo file, pre-existing verified value)	
bak	-1	Verified (from repo file fs_mod.csv)	Verified (from repo file)	fs_mod.csv (repo file, pre-existing verified value)	
bap1	-1	Verified (from repo file fs_mod.csv)	Verified (from repo file)	fs_mod.csv (repo file, pre-existing verified value)	
bax	-1	Verified (from repo file fs_mod.csv)	Verified (from repo file)	fs_mod.csv (repo file, pre-existing verified value)	
bcateninpt41s45	1	Verified (from repo file fs_mod.csv)	Verified (from repo file)	fs_mod.csv (repo file, pre-existing verified value)	
bcl2	1	Verified (from repo file fs_mod.csv)	Verified (from repo file)	fs_mod.csv (repo file, pre-existing verified value)	
bcl2a1	1	Literature-researched (this session, Sept 2026) — please double-check	High	GeneCards BCL2A1; Nature Oncogenesis s41389-026-00632-2 (anti-apoptotic BCL2 family review)	BCL2A1; anti-apoptotic BCL2-family member, upregulated in melanoma/leukemia, confers chemoresistance
bcl2ps70	1	Literature-researched (this session, Sept 2026) — please double-check	High	Blood ashpublications 124/14/2223 (Ser70 phosphorylation stabilizes Bcl-2 antiapoptotic activity); Clin Cancer Res 11/20/7255 (pS70-Bcl2 correlates with malignancy in colorectal neoplasms); Cancer Research 73/23/6998 (contributes to Bak binding and drug resistance)	BCL2 phospho-Ser70; activating mark that stabilizes anti-apoptotic function, reinforces parent Bcl-2's oncogenic role
bclxl	1	Verified (from repo file fs_mod.csv)	Verified (from repo file)	fs_mod.csv (repo file, pre-existing verified value)	
beclin	0	Verified (from repo file fs_mod.csv)	Verified (from repo file)	fs_mod.csv (repo file, pre-existing verified value)	
betacatenin	1	Verified (from repo file fs_mod.csv)	Verified (from repo file)	fs_mod.csv (repo file, pre-existing verified value)	
betacateninps33	1	Literature-researched (this session, Sept 2026) — please double-check	Medium	fs_mod.csv bcateninpt41s45=1 and betacatenin=1 (verified precedent, same phosphodegron cluster); Oncotarget 15687 (beta-catenin regulation in cancer review)	Beta-catenin phospho-Ser33; this is the GSK3/destruction-complex phosphodegron (the exact residues mutated in cancer to escape degradation) - site-level logic could argue -1/0, but assigned +1 per established dataset convention for this phosphosite cluster
betacateninps33s37t41	1	Literature-researched (this session, Sept 2026) — please double-check	Medium	Same as betacateninps33 (identical phosphodegron cluster, fs_mod.csv bcateninpt41s45=1 verified precedent)	Beta-catenin phospho-Ser33/Ser37/Thr41; same GSK3 destruction-complex degron logic as above
bid	-1	Verified (from repo file fs_mod.csv)	Verified (from repo file)	fs_mod.csv (repo file, pre-existing verified value)	
bim	-1	Verified (from repo file fs_mod.csv)	Verified (from repo file)	fs_mod.csv (repo file, pre-existing verified value)	
bip	1	Literature-researched (this session, Sept 2026) — please double-check	High	fs_mod.csv bipgrp78=1 (verified precedent); PMC4151476 (anti-GRP78 antibody suppresses PI3K/AKT signaling, tumor growth, metastasis); PMC9516447 (GRP78 targeting suppresses oncogenic KRAS)	BiP/GRP78/HSPA5; ER-stress chaperone, well-established pro-survival/oncogenic role in most solid tumors
bipgrp78	1	Verified (from repo file fs_mod.csv)	Verified (from repo file)	fs_mod.csv (repo file, pre-existing verified value)	
bmk1erk5pt218y220	1	Literature-researched (this session, Sept 2026) — please double-check	High	Nature s41388-018-0164-9 (ERK5 activated by oncogenic BRAF, promotes melanoma growth); MDPI ijms-20-01426 (ERK5 impact on hallmarks of cancer)	ERK5/BMK1 phospho-Thr218/Tyr220; MEK5-mediated activation-loop phosphorylation marking active, proliferative ERK5
bmx	1	Literature-researched (this session, Sept 2026) — please double-check	High	PMC3076106 (BMX maintains glioblastoma stem cell self-renewal via STAT3); Oncotarget 17493 (BMX/Etk promotes cervical cancer proliferation via PI3K/AKT/mTOR, STAT3); Cancer Research 66/16/8058 (Etk/BMX upregulated in prostate cancer)	BMX/ETK; non-receptor tyrosine kinase, consistently oncogenic survival signaling across glioblastoma, cervical, prostate, renal, bladder cancer
bop1	1	Literature-researched (this session, Sept 2026) — please double-check	Medium	OMIM *610596; PMC8865985 (BOP1 promotes proliferation, invasion, EMT in gastric cancer); Springer s11596-021-2345-y (BOP1 silencing suppresses gastric cancer proliferation via p53)	"BOP1; ribosome-biogenesis factor - despite its historical name (""Block Of Proliferation 1"" from an unrelated discovery context), functional studies consistently show it PROMOTES cancer proliferation/invasion; corrected from draft's 0"
braf	1	Verified (from repo file fs_mod.csv)	Verified (from repo file)	fs_mod.csv (repo file, pre-existing verified value)	
brafps445	1	Verified (from repo file fs_mod.csv)	Verified (from repo file)	fs_mod.csv (repo file, pre-existing verified value)	
brca1	-1	Literature-researched (this session, Sept 2026) — please double-check	High	OMIM/NCBI Gene BRCA1; canonical, extensively validated tumor suppressor	BRCA1; homologous-recombination DNA repair gene, germline mutations cause hereditary breast/ovarian cancer syndrome
brca2	1	Verified (from repo file fs_mod.csv)	Verified (from repo file)	fs_mod.csv (repo file, pre-existing verified value)	
brd4	1	Verified (from repo file fs_mod.csv)	Verified (from repo file)	fs_mod.csv (repo file, pre-existing verified value)	
cabl	1	Verified (from repo file fs_mod.csv)	Verified (from repo file)	fs_mod.csv (repo file, pre-existing verified value)	
caseinkinase	1	Literature-researched (this session, Sept 2026) — please double-check	Low	"MDPI ph-10-00018 (""CK2 in Cancer""); PNAS 0606845103 (CK2 increases survivin via beta-catenin/TCF transcription); Nature Oncogenesis s41389-019-0171-x (CK2 drives cholangiocarcinoma malignant phenotype)"	"Generic ""casein kinase"" antibody, target identity ambiguous (CK1 vs CK2, multiple isoforms); if CK2 (most common in RPPA panels), literature is strongly and consistently pro-oncogenic; corrected from draft's 0, Low confidence reflects target-identity ambiguity rather than direction ambiguity"
caseinkinase1epsillon	1	Literature-researched (this session, Sept 2026) — please double-check	Medium	PLOS ONE 0008979 (CK1epsilon required for beta-catenin-dependent breast cancers); EMBO Mol Med emmm.201101094 (supports ovarian cancer cell growth/survival); J Cancer Res Clin Oncol 06321-8 (CSNK1E regulates HCC proliferation/migration)	CK1-epsilon (CSNK1E); consistently pro-oncogenic across breast, ovarian, oral, hepatocellular cancer studies; corrected from draft's 0
cask	1	Literature-researched (this session, Sept 2026) — please double-check	Medium	PMC13156893 (CASK promotes NSCLC growth via EGFR regulation); ScienceDirect S0141813025045179 (CASK promotes prostate cancer via kinase-dependent AKT activation); Frontiers fonc.2021.681683 (CASK silencing overcomes sorafenib resistance in HCC by activating apoptosis)	CASK; scaffolding kinase, recent cancer literature consistently shows a pro-tumor growth-promoting role (NSCLC, prostate, HCC); corrected from draft's 0
caspase3	-1	Verified (from repo file fs_mod.csv)	Verified (from repo file)	fs_mod.csv (repo file, pre-existing verified value)	
caspase3active	-1	Literature-researched (this session, Sept 2026) — please double-check	High	fs_mod.csv caspase3=-1 (verified); UniProt P42574	Active caspase-3; canonical executioner caspase of apoptosis, pro-death, opposes cancer cell survival
caspase7	-1	Literature-researched (this session, Sept 2026) — please double-check	High	fs_mod.csv caspase7cleaved=-1 (verified); UniProt P55210	Caspase-7; executioner caspase, pro-apoptotic
caspase7cleaved	-1	Verified (from repo file fs_mod.csv)	Verified (from repo file)	fs_mod.csv (repo file, pre-existing verified value)	
caspase8	-1	Verified (from repo file fs_mod.csv)	Verified (from repo file)	fs_mod.csv (repo file, pre-existing verified value)	
caspase8cleaved	-1	Literature-researched (this session, Sept 2026) — please double-check	High	fs_mod.csv caspase8=-1 (verified); UniProt Q14790	Cleaved/active caspase-8; initiator caspase of extrinsic apoptosis pathway, pro-apoptotic
caspase9	-1	Literature-researched (this session, Sept 2026) — please double-check	High	UniProt P55211; consistent with fs_mod.csv caspase3/7/8 = -1 precedent for the caspase family	Caspase-9; initiator caspase of intrinsic (mitochondrial) apoptosis pathway, pro-apoptotic
caspase9cleaved	-1	Literature-researched (this session, Sept 2026) — please double-check	High	UniProt P55211; consistent with fs_mod.csv caspase family -1 precedent	Cleaved/active caspase-9; active initiator caspase, pro-apoptotic
caveolin1	1	Verified (from repo file fs_mod.csv)	Verified (from repo file)	fs_mod.csv (repo file, pre-existing verified value)	
cd11a	0	Literature-researched (this session, Sept 2026) — please double-check	Medium	Human Protein Atlas ITGAL; Frontiers fimmu.2024.1382231/PMC11027504 (ITGAL expression tied to immune cell infiltrates in NSCLC, not tumor-cell-intrinsic)	CD11a/ITGAL; primarily a leukocyte (LFA-1) adhesion molecule, not tumor-cell autonomous; no clear consensus growth direction
cd134	1	Verified (from repo file fs_mod.csv)	Verified (from repo file)	fs_mod.csv (repo file, pre-existing verified value)	
cd171	1	Verified (from repo file fs_mod.csv)	Verified (from repo file)	fs_mod.csv (repo file, pre-existing verified value)	
cd20	1	Verified (from repo file fs_mod.csv)	Verified (from repo file)	fs_mod.csv (repo file, pre-existing verified value)	
cd26	0	Literature-researched (this session, Sept 2026) — please double-check	Medium	"ScienceDirect S016372581930035X and MDPI cancers-14-05194 (""CD26 and Cancer""); PMC8870104 (CD26+ leukemic stem cells, aggressive CML) vs tumor-suppressive reports when lost in solid tumors"	CD26/DPP4; explicitly documented, genuinely opposite roles depending on cancer type (oncogenic marker in CML vs tumor-suppressive in some solid tumors)
cd29	1	Verified (from repo file fs_mod.csv)	Verified (from repo file)	fs_mod.csv (repo file, pre-existing verified value)	
cd31	1	Verified (from repo file fs_mod.csv)	Verified (from repo file)	fs_mod.csv (repo file, pre-existing verified value)	
cd44	1	Verified (from repo file fs_mod.csv)	Verified (from repo file)	fs_mod.csv (repo file, pre-existing verified value)	
cd45	1	Verified (from repo file fs_mod.csv)	Verified (from repo file)	fs_mod.csv (repo file, pre-existing verified value)	
cd49	1	Literature-researched (this session, Sept 2026) — please double-check	Low	fs_mod.csv cd49b=1 (verified core-dataset precedent for the same integrin-alpha CD49 family); PMC8378442 (integrin alpha6beta4/CD49f on metastatic breast cancer circulating tumor cells, pro-metastatic)	CD49 (unspecified integrin alpha subunit); corrected to align with established cd49b=1 precedent, but subtype is ambiguous and family members conflict (e.g., ITGA2/CD49b reported as a metastasis suppressor in PMC3007139) - Low confidence reflects this unresolved ambiguity
cd49b	1	Verified (from repo file fs_mod.csv)	Verified (from repo file)	fs_mod.csv (repo file, pre-existing verified value)	
cd68	0	Literature-researched (this session, Sept 2026) — please double-check	Medium	Nature s41598-022-11503-2 (CD68 pan-cancer prognosis, mixed); PubMed 24067108 (CD68+ TAMs not prognostic in Hodgkin lymphoma); PMC6746141 (meta-analysis, mixed results in breast cancer)	CD68; tumor-associated-macrophage lineage marker, not tumor-cell autonomous; prognostic literature is genuinely inconsistent across cancer types
cd86	0	Literature-researched (this session, Sept 2026) — please double-check	Medium	"Wiley ijc.70028 (""CD86, the double agent"" - B-cell malignancies); costimulatory molecule mainly on antigen-presenting cells"	CD86; explicitly documented dual/context-dependent role (anti-tumor T-cell activation vs tumor-promoting in some B-cell malignancies)
cdc25c	1	Verified (from repo file fs_mod.csv)	Verified (from repo file)	fs_mod.csv (repo file, pre-existing verified value)	
cdk1	1	Verified (from repo file fs_mod.csv)	Verified (from repo file)	fs_mod.csv (repo file, pre-existing verified value)	
cdk1py15	1	Literature-researched (this session, Sept 2026) — please double-check	High	fs_mod.csv cdc2py15=1 (verified, identical marker under CDK1's legacy gene name CDC2)	CDK1 phospho-Tyr15; canonical mitotic-driver oncoprotein/drug target; the Tyr15 mark itself is the inhibitory Wee1/Myt1 phosphorylation, but assigned +1 per established, identical dataset precedent
cdk2	1	Literature-researched (this session, Sept 2026) — please double-check	High	UniProt P24941; NCBI Gene CDK2	CDK2; canonical cell-cycle oncogenic kinase, G1/S driver, frequently dysregulated in cancer
cdk4	1	Literature-researched (this session, Sept 2026) — please double-check	High	UniProt P11802; CDK4/6 inhibitors (palbociclib, ribociclib) are FDA-approved breast cancer drugs targeting this pathway	CDK4; frequently amplified oncogene (liposarcoma, glioma), validated drug target
chk1	1	Verified (from repo file fs_mod.csv)	Verified (from repo file)	fs_mod.csv (repo file, pre-existing verified value)	
chk1ps296	1	Verified (from repo file fs_mod.csv)	Verified (from repo file)	fs_mod.csv (repo file, pre-existing verified value)	
chk1ps317	1	Literature-researched (this session, Sept 2026) — please double-check	Medium	"fs_mod.csv chk1=1, chk1ps296=1, chk1ps345=1 (all verified, same protein/pathway precedent); AACR clincancerres 4780 and PMC5856582 (""ATR/CHK1 inhibitors and cancer therapy"")"	Chk1 phospho-Ser317; ATR-mediated checkpoint-activation mark - cancer cells with oncogene-driven replication stress become dependent on CHK1 signaling for survival, making CHK1 activation a pro-survival dependency (basis of CHK1-inhibitor therapeutics); corrected from draft's -1 to match established +1 convention for this protein's other phosphosites
chk1ps345	1	Verified (from repo file fs_mod.csv)	Verified (from repo file)	fs_mod.csv (repo file, pre-existing verified value)	
chk2	1	Verified (from repo file fs_mod.csv)	Verified (from repo file)	fs_mod.csv (repo file, pre-existing verified value)	
chk2pt68	1	Verified (from repo file fs_mod.csv)	Verified (from repo file)	fs_mod.csv (repo file, pre-existing verified value)	
ciap	1	Verified (from repo file fs_mod.csv)	Verified (from repo file)	fs_mod.csv (repo file, pre-existing verified value)	
ciap2	-1	Verified (from repo file fs_mod.csv)	Verified (from repo file)	fs_mod.csv (repo file, pre-existing verified value)	
cjun	1	Literature-researched (this session, Sept 2026) — please double-check	High	fs_mod.csv cjunps73=1 (verified)	c-Jun; canonical AP-1 oncogenic transcription factor, drives proliferation/invasion downstream of MAPK signaling
cjunps73	1	Verified (from repo file fs_mod.csv)	Verified (from repo file)	fs_mod.csv (repo file, pre-existing verified value)	
ckit	1	Verified (from repo file fs_mod.csv)	Verified (from repo file)	fs_mod.csv (repo file, pre-existing verified value)	
claudin7	1	Verified (from repo file fs_mod.csv)	Verified (from repo file)	fs_mod.csv (repo file, pre-existing verified value)	
cmet	1	Verified (from repo file fs_mod.csv)	Verified (from repo file)	fs_mod.csv (repo file, pre-existing verified value)	
cmetpy1234y1235	1	Literature-researched (this session, Sept 2026) — please double-check	High	fs_mod.csv cmet=1, cmetpy1235=1 (verified); PubMed 8302603 (Tyr1234/1235 are the activation-loop autophosphorylation sites required for MET kinase activation)	c-Met phospho-Tyr1234/Tyr1235; activation-loop autophosphorylation, canonical oncogenic RTK (HGF receptor)
cmetpy1235	1	Verified (from repo file fs_mod.csv)	Verified (from repo file)	fs_mod.csv (repo file, pre-existing verified value)	
cmyc	1	Verified (from repo file fs_mod.csv)	Verified (from repo file)	fs_mod.csv (repo file, pre-existing verified value)	
cmycpt58	1	Literature-researched (this session, Sept 2026) — please double-check	Medium	fs_mod.csv cmyc=1 (verified); Science Advances sciadv.abl7872 (diphosphorylated degrons control c-Myc degradation by Fbw7)	c-Myc phospho-Thr58; part of a GSK3-dependent phosphodegron that (together with Ser62 status) can target Myc for degradation - site-level logic could argue for a destabilizing/anti-oncogenic reading, but the antibody cannot distinguish stable diphospho vs degradation-committed monophospho pools, and c-Myc's dominant oncogenic classification is used per dataset convention
cofilin	0	Literature-researched (this session, Sept 2026) — please double-check	Low	"Frontiers 599065 (""Cofilin: Promising Protein in Cancer Metastasis and Apoptosis""); Cancer Research 74/8/2362 (active cofilin drives TGF-beta-induced invasion in prostate cancer)"	Cofilin; actin-dynamics regulator whose effect flips with activation state (phosphorylation), genuinely context-dependent, no single consensus direction for total protein
cofilinps3	0	Literature-researched (this session, Sept 2026) — please double-check	Low	Same sources as cofilin; Ser3 phosphorylation inactivates cofilin's actin-severing activity (opposite of active cofilin's pro-invasive role)	Phospho-cofilin (Ser3, inactive form); no established consensus direction, genuinely context-dependent
cog3	1	Verified (from repo file fs_mod.csv)	Verified (from repo file)	fs_mod.csv (repo file, pre-existing verified value)	
collagenvi	1	Verified (from repo file fs_mod.csv)	Verified (from repo file)	fs_mod.csv (repo file, pre-existing verified value)	
complexiisubunit	-1	Literature-researched (this session, Sept 2026) — please double-check	Medium	fs_mod.csv sdha=-1 (verified, direct Complex II precedent)	Complex II (succinate dehydrogenase) subunit, unspecified; SDH subunits are established tumor suppressors (hereditary paraganglioma-pheochromocytoma syndrome, GIST, renal cell carcinoma via succinate-driven pseudohypoxic HIF-1a stabilization); corrected from draft's 0 - unlike Complex I/III/IV/V subunits, Complex II carries this specific hereditary-cancer-gene role
complexiisubunit30	-1	Literature-researched (this session, Sept 2026) — please double-check	High	"fs_mod.csv sdha=-1 (verified); ""30 kDa"" subunit of Complex II corresponds to SDHB (the 30 kDa iron-sulfur protein)"	Complex II subunit, 30 kDa (likely SDHB); classic hereditary paraganglioma/pheochromocytoma tumor-suppressor gene; corrected from draft's 0
complexiisubunit30kdaip	-1	Literature-researched (this session, Sept 2026) — please double-check	High	"fs_mod.csv sdha=-1 (verified, direct Complex II precedent); ""30kDaIP"" = SDHB, the 30 kDa Iron-sulfur Protein subunit of succinate dehydrogenase"	SDHB (Complex II 30 kDa iron-sulfur protein); established hereditary tumor-suppressor gene, especially for malignant/metastatic paraganglioma-pheochromocytoma; corrected from draft's 0
complexiisubunit70kdafp	-1	Literature-researched (this session, Sept 2026) — please double-check	High	"fs_mod.csv sdha=-1 (verified, direct match); ""70kDaFP"" = SDHA, the 70 kDa Flavoprotein catalytic subunit of succinate dehydrogenase"	SDHA (Complex II 70 kDa flavoprotein); established tumor suppressor gene (e.g., SDHA-deficient GIST); corrected from draft's 0
complexiisubunitcore2	0	Literature-researched (this session, Sept 2026) — please double-check	Medium	GeneCards UQCRC2; Sci Rep 2019 (UQCRC2 promotes tumorigenesis via p53 degradation); J Cancer 2020 miR-370/UQCRC2 gastric cancer axis	Mitochondrial Complex III core protein 2 (UQCRC2); housekeeping OXPHOS subunit with scattered cancer-specific overexpression reports but no established oncogene/TSG consensus; CONFIRMED at 0.
complexiisubunitndufb4	0	Literature-researched (this session, Sept 2026) — please double-check	High	GeneCards NDUFB4; J Biol Chem 2024 (NDUFB4 accessory subunit, Complex I supercomplex assembly)	Complex I accessory subunit; purely structural/metabolic role, no oncogene/TSG literature; CONFIRMED at 0.
complexiisubunitrieske	0	Literature-researched (this session, Sept 2026) — please double-check	High	GeneCards UQCRFS1; PLOS ONE 2011 (Impaired OXPHOS Complex III in Breast Cancer)	Rieske iron-sulfur protein of Complex III (UQCRFS1); housekeeping mitochondrial subunit, no oncogene/TSG consensus; CONFIRMED at 0.
complexivsubunit1	0	Literature-researched (this session, Sept 2026) — please double-check	High	GeneCards MT-CO1; Wikipedia/OMIM Cytochrome c oxidase subunit I	Mitochondrially-encoded catalytic core of Complex IV (MT-CO1); housekeeping metabolic subunit; CONFIRMED at 0.
complexivsubunitiv	0	Literature-researched (this session, Sept 2026) — please double-check	Medium	GeneCards COX4I1; Oncotarget 2015 (COX4I1 regulates BMI1, glioma proliferative capacity); ASH 2023 abstract (COX4I1 controls AML progression)	Complex IV subunit IV (COX4I1); mainly housekeeping OXPHOS subunit, though a few studies link it to glioma/AML proliferation - not enough for a general oncogene call; CONFIRMED at 0.
connexin43	1	Verified (from repo file fs_mod.csv)	Verified (from repo file)	fs_mod.csv (repo file, pre-existing verified value)	
couptfii	0	Literature-researched (this session, Sept 2026) — please double-check	Medium	"J Mol Endocrinol 2012 ""Multiple roles of COUP-TFII in cancer initiation and progression""; Acta Pharmacol Sin 2015 review; Oncol Lett 2025 ""The role of NR2F2 in cancer"" review"	NR2F2/COUP-TFII orphan nuclear receptor with well-documented dual, tissue- and stage-dependent roles (pro- and anti-tumorigenic) across cancer types; CONFIRMED at 0.
cox2	1	Verified (from repo file fs_mod.csv)	Verified (from repo file)	fs_mod.csv (repo file, pre-existing verified value)	
coxiv	1	Verified (from repo file fs_mod.csv)	Verified (from repo file)	fs_mod.csv (repo file, pre-existing verified value)	
craf	1	Verified (from repo file fs_mod.csv)	Verified (from repo file)	fs_mod.csv (repo file, pre-existing verified value)	
crafps338	1	Verified (from repo file fs_mod.csv)	Verified (from repo file)	fs_mod.csv (repo file, pre-existing verified value)	
creb	1	Verified (from repo file fs_mod.csv)	Verified (from repo file)	fs_mod.csv (repo file, pre-existing verified value)	
crm1	1	Literature-researched (this session, Sept 2026) — please double-check	High	"Multiple AACR/Clin Cancer Res reviews on XPO1/selinexor (e.g. ""The past, present and future of CRM1/XPO1 inhibitors"", Stem Cell Investig); Nat Commun 2026 preclinical XPO1 inhibitor paper"	XPO1/CRM1 nuclear export receptor is overexpressed and required for tumor cell survival across many cancers, validated drug target (selinexor, FDA-approved); CONFIRMED at +1.
cxcr4	1	Literature-researched (this session, Sept 2026) — please double-check	High	"Blood 2006 ""CXCR4: a key receptor in the crosstalk between tumor cells and their microenvironment""; Biomarker Res 2025 ""Targeting the chemokine receptor CXCR4 for cancer therapies"""	Chemokine receptor consistently shown to promote metastasis, invasion and poor prognosis across solid and hematologic cancers; CONFIRMED at +1.
cyclina2	1	Literature-researched (this session, Sept 2026) — please double-check	High	"Cancer Res 2014 ""Loss of Cdk2 and Cyclin A2 Impairs Cell Proliferation and Tumorigenesis""; GeneCards CCNA2"	Cyclin A2 (CCNA2) drives S/G2-M cell-cycle progression; canonical proliferation oncogene, frequently overexpressed in cancer; CONFIRMED at +1.
cyclinb1	1	Verified (from repo file fs_mod.csv)	Verified (from repo file)	fs_mod.csv (repo file, pre-existing verified value)	
cyclind1	1	Verified (from repo file fs_mod.csv)	Verified (from repo file)	fs_mod.csv (repo file, pre-existing verified value)	
cyclind3	1	Verified (from repo file fs_mod.csv)	Verified (from repo file)	fs_mod.csv (repo file, pre-existing verified value)	
cycline	1	Literature-researched (this session, Sept 2026) — please double-check	High	"PNAS 2013 CCNE1 amplification synthetic lethality with BRCA1 loss; PMC ""Down-regulation of the cyclin E1 oncogene... induces cell cycle arrest""; MD Anderson Sci Rep 2022 CCNE1 amplification cohort"	Cyclin E1 (CCNE1) is a canonical, frequently-amplified G1/S oncogene (ovarian, breast, endometrial cancers); CONFIRMED at +1.
cycline1	1	Verified (from repo file fs_mod.csv)	Verified (from repo file)	fs_mod.csv (repo file, pre-existing verified value)	
cycline2	1	Verified (from repo file fs_mod.csv)	Verified (from repo file)	fs_mod.csv (repo file, pre-existing verified value)	
cyclophilind	0	Literature-researched (this session, Sept 2026) — please double-check	Low	"Oncogene 2017 ""Cyclophilin D counteracts p53-mediated growth arrest and promotes Ras tumorigenesis"" (pro-tumor); Sci Rep 2025 ""Cyclophilin D suppresses colorectal cancer progression through autophagy-mediated apoptosis"" (anti-tumor); JBC ""Cyclophilin D interacts with Bcl2, anti-apoptotic effect"""	PPIF/cyclophilin D shows genuinely opposing roles across cancer contexts (pro-tumorigenic in RAS-driven models, tumor-suppressive in colorectal cancer models); CONFIRMED at 0.
cyclophilinf	1	Verified (from repo file fs_mod.csv)	Verified (from repo file)	fs_mod.csv (repo file, pre-existing verified value)	
cytokeratin19	0	Literature-researched (this session, Sept 2026) — please double-check	High	GeneCards/NCBI KRT19; used clinically as CYFRA21-1 biomarker fragment	Structural intermediate filament/epithelial differentiation marker, not a signaling oncogene or tumor suppressor; CONFIRMED at 0.
datubulin	-1	Verified (from repo file fs_mod.csv)	Verified (from repo file)	fs_mod.csv (repo file, pre-existing verified value)	
ddb1	0	Literature-researched (this session, Sept 2026) — please double-check	Low	"GeneCards DDB1; Cancer Sci 2009 review ""Ubiquitin-mediated control of oncogene and tumor suppressor gene products""; Cell/Mol Cell DCAF-CUL4-DDB1 substrate-receptor literature"	DDB1 is a shared scaffold for the CUL4-DDB1-DCAF ubiquitin ligase that targets both oncoproteins and tumor suppressors depending on the DCAF substrate receptor recruited; direction is substrate-context dependent; CONFIRMED at 0.
dj1	1	Verified (from repo file fs_mod.csv)	Verified (from repo file)	fs_mod.csv (repo file, pre-existing verified value)	
dmhistoneh3	1	Verified (from repo file fs_mod.csv)	Verified (from repo file)	fs_mod.csv (repo file, pre-existing verified value)	
dmk9histoneh3	1	Verified (from repo file fs_mod.csv)	Verified (from repo file)	fs_mod.csv (repo file, pre-existing verified value)	
dnapkcsps2056	1	Literature-researched (this session, Sept 2026) — please double-check	Medium	"Cancer Res 2022 ""DNA-PKcs: A Targetable Protumorigenic Protein Kinase"" (AACR review); Clin Cancer Res 2019 ""Pleiotropic Impact of DNA-PK in Cancer""; Cancer Res 2024 ""PRKDC Induces Chemoresistance in Osteosarcoma...Activate AKT"""	CORRECTED from 0 to +1. S2056 is the major DNA-PKcs autophosphorylation/activation cluster; current major reviews classify DNA-PKcs as protumorigenic (beyond its DNA-repair caretaker role), promoting therapy resistance and pro-survival AKT signaling - the phospho-signal marks an engaged, protumorigenic-leaning kinase rather than a neutral repair readout.
dnapkcspt2609	1	Literature-researched (this session, Sept 2026) — please double-check	Medium	"Same reviews as above (Cancer Res 2022 AACR; Clin Cancer Res 2019); PNAS 2020 T2609 cluster and repair-pathway choice; Cancers 2020 ""Beyond DNA Repair: DNA-PKcs in Tumor Metastasis, Metabolism and Immunity"""	CORRECTED from 0 to +1. T2609 cluster (ATM/ATR-mediated) is an activation-associated phosphorylation of DNA-PKcs; consistent with the field's current protumorigenic classification of activated DNA-PKcs signaling (metastasis, metabolism, immune evasion functions beyond repair).
dnapkcspy393	1	Literature-researched (this session, Sept 2026) — please double-check	Medium	"Cancer Res 2022 AACR ""DNA-PKcs: A Targetable Protumorigenic Protein Kinase""; Cancers 2020 ""Beyond DNA Repair: DNA-PKcs in Tumor Metastasis, Metabolism and Immunity"""	CORRECTED from 0 to +1. Y393 is a Src-family-kinase-associated activation mark on DNA-PKcs; scored consistently with the other DNA-PKcs activation phosphosites given the field's current protumorigenic-kinase classification.
dnatopo1	0	Literature-researched (this session, Sept 2026) — please double-check	Medium	"GeneCards TOP1; ScienceDirect 2025 ""Targeting DNA Topoisomerase I for the Treatment of Cancer: Past, Present and Future"""	Essential replication/transcription enzyme and chemotherapy target (irinotecan/topotecan), not classified as an oncogene or tumor suppressor per se; CONFIRMED at 0.
dusp4	-1	Verified (from repo file fs_mod.csv)	Verified (from repo file)	fs_mod.csv (repo file, pre-existing verified value)	
dvl3	1	Verified (from repo file fs_mod.csv)	Verified (from repo file)	fs_mod.csv (repo file, pre-existing verified value)	
e2f1	-1	Verified (from repo file fs_mod.csv)	Verified (from repo file)	fs_mod.csv (repo file, pre-existing verified value)	
e2f2	1	Literature-researched (this session, Sept 2026) — please double-check	High	"PubMed 2024 ""The role of E2F2 in cancer progression and its value as a therapeutic target""; PMC ""Expression and Prognostic Role of E2F2 in Hepatocellular Carcinoma"""	Activating E2F-family transcription factor driving G1/S cell-cycle gene expression; broadly classified as proliferative/oncogenic; CONFIRMED at +1.
ecadherin	-1	Verified (from repo file fs_mod.csv)	Verified (from repo file)	fs_mod.csv (repo file, pre-existing verified value)	
eef2	1	Verified (from repo file fs_mod.csv)	Verified (from repo file)	fs_mod.csv (repo file, pre-existing verified value)	
eef2k	1	Verified (from repo file fs_mod.csv)	Verified (from repo file)	fs_mod.csv (repo file, pre-existing verified value)	
efabp	0	Literature-researched (this session, Sept 2026) — please double-check	Low	"PubMed 2018 ""FABP4 suppresses proliferation and invasion of hepatocellular carcinoma cells, predicts poor prognosis"" (tumor-suppressive in HCC); AACR Cancer Res 2020 ""Adipocyte-Induced FABP4...Promotes Metastasis and Mediates Carboplatin Resistance"" in ovarian cancer (oncogenic)"	FABP4/E-FABP shows genuinely opposite roles across cancer types (suppressive in HCC, pro-metastatic in ovarian cancer via adipocyte crosstalk); CONFIRMED at 0.
egfr	1	Verified (from repo file fs_mod.csv)	Verified (from repo file)	fs_mod.csv (repo file, pre-existing verified value)	
egfrpy1173	1	Verified (from repo file fs_mod.csv)	Verified (from repo file)	fs_mod.csv (repo file, pre-existing verified value)	
egfrpy992	1	Literature-researched (this session, Sept 2026) — please double-check	High	"PMC ""Epidermal Growth Factor Receptor Cell Proliferation Signaling Pathways""; Thermo/CST phospho-EGFR(Y992) product literature (PLCγ1-recruitment site)"	Y992 is a PLCγ1-binding activation site on ligand-activated EGFR; canonical marker of active oncogenic RTK signaling; CONFIRMED at +1.
eif2aps51	0	Literature-researched (this session, Sept 2026) — please double-check	Medium	"ScienceDirect review ""Roles of the translation initiation factor eIF2α serine 51 phosphorylation in cancer formation and treatment""; Nat Commun 2021 ""integrated stress response is tumorigenic...in KRAS-driven lung cancer""; Cell Death Dis ""eIF2α-S51 phosphorylation determines Akt-dependent cell-fate decisions in oxidative stress"""	Inhibitory phosphomark that both suppresses bulk translation and activates the integrated stress response; literature shows this ISR arm can be tumor-adaptive/pro-survival in some contexts and pro-apoptotic in others depending on stress duration/intensity - genuinely dual; CONFIRMED at 0.
eif4a1	1	Literature-researched (this session, Sept 2026) — please double-check	Medium	"PubMed 2023 ""Eukaryotic translation initiation factor 4A1 in the pathogenesis and treatment of cancers""; Cancer Discov ""Inhibition of eIF4A RNA Helicase Activity Blocks Oncogene Translation""; PubMed ""RNA G-quadruplexes cause eIF4A-dependent oncogene translation in cancer"""	eIF4A1 selectively drives cap-dependent translation of oncogenic mRNAs (MYC, cyclins) and is a validated anticancer drug target; CONFIRMED at +1.
eif4e	1	Verified (from repo file fs_mod.csv)	Verified (from repo file)	fs_mod.csv (repo file, pre-existing verified value)	
eif4eps209	1	Verified (from repo file fs_mod.csv)	Verified (from repo file)	fs_mod.csv (repo file, pre-existing verified value)	
eif4g	1	Verified (from repo file fs_mod.csv)	Verified (from repo file)	fs_mod.csv (repo file, pre-existing verified value)	
elf2aps51	0	Literature-researched (this session, Sept 2026) — please double-check	Medium	Same as eif2aps51 (ScienceDirect eIF2α-S51 review; Nat Commun 2021 ISR tumorigenic in KRAS lung cancer)	Alternate/garbled naming of the same eIF2α phospho-Ser51 antibody as eif2aps51; identical dual-role rationale; CONFIRMED at 0.
elk1ps383	1	Verified (from repo file fs_mod.csv)	Verified (from repo file)	fs_mod.csv (repo file, pre-existing verified value)	
ema	1	Verified (from repo file fs_mod.csv)	Verified (from repo file)	fs_mod.csv (repo file, pre-existing verified value)	
endothelin1	1	Literature-researched (this session, Sept 2026) — please double-check	Medium	"Nat Rev Cancer 2013 ""Endothelin 1 in cancer: biological implications and therapeutic opportunities""; Cancer Res 2009 ""Endothelin-1 Stimulates Lymphatic Endothelial Cells...to Grow and Invade""; Trends Endocrinol Metab ""Emerging role of endothelin-1 in tumor angiogenesis"""	"CORRECTED from 0 to +1. Contrary to the draft's ""context-dependent"" call, the literature on EDN1/endothelin-1 in cancer is fairly convergent: it consistently promotes tumor cell proliferation, invasion, angiogenesis and lymphangiogenesis across multiple solid tumor types (ovarian, prostate, colorectal, melanoma), supporting a growth-promoting classification."
eny2	1	Verified (from repo file fs_mod.csv)	Verified (from repo file)	fs_mod.csv (repo file, pre-existing verified value)	
epha2	1	Literature-researched (this session, Sept 2026) — please double-check	High	"Mol Biol Rep 2026 ""EphA2 as an oncogenic driver: roles and mechanisms of action in cancer""; PMC ""EphA2 expression is a key driver of migration and invasion and a poor prognostic marker in colorectal cancer"""	Overexpressed, ligand-independent oncogenic RTK promoting invasion/migration/poor prognosis across many solid tumors; CONFIRMED at +1.
epha2ps897	1	Literature-researched (this session, Sept 2026) — please double-check	Medium	"Mol Biol Cell 2016 ""PKA can block EphA2 receptor-mediated cell repulsion by increasing EphA2 S897 phosphorylation""; Oncogene 2021 ""Oncogenic functions and therapeutic targeting of EphA2 in cancer"""	S897 is an Akt/RSK-mediated phosphorylation that suppresses EphA2's canonical ligand-dependent tumor-suppressive (repulsive) signaling and instead drives ligand-independent, pro-migratory/invasive non-canonical signaling; CONFIRMED at +1.
eralpha	1	Verified (from repo file fs_mod.csv)	Verified (from repo file)	fs_mod.csv (repo file, pre-existing verified value)	
eralphaps118	1	Verified (from repo file fs_mod.csv)	Verified (from repo file)	fs_mod.csv (repo file, pre-existing verified value)	
eralphaps167	1	Literature-researched (this session, Sept 2026) — please double-check	Medium	"PMC1242143 (Bostner et al., ""Phosphorylation of ERα serine 167 predictive of response to endocrine therapy and increased postrelapse survival""); PubMed 17908967 and 18550720 (pS167 linked to longer disease-free/overall survival)"	Mechanistically, S167 is an Akt/S6K1-driven activating phosphorylation that enhances ERα transcriptional (proliferative target-gene) activity, so it is kept at +1 on that mechanistic basis; confidence downgraded from the draft's High to Medium because several clinical cohorts paradoxically link high pS167 to BETTER endocrine-therapy response and longer survival (likely reflecting luminal differentiation/subtype rather than proliferative drive) - flagging this tension for reviewer attention.
ercc1	1	Verified (from repo file fs_mod.csv)	Verified (from repo file)	fs_mod.csv (repo file, pre-existing verified value)	
ercc2	-1	Literature-researched (this session, Sept 2026) — please double-check	Medium	MedlinePlus ERCC2 gene summary; nucleotide excision repair gene, mutations cause xeroderma pigmentosum/trichothiodystrophy (cancer-predisposition syndromes)	"XPD/ERCC2 is a genome-caretaker NER gene; loss-of-function predisposes to cancer, consistent with a tumor-suppressive (""caretaker"") classification like other DNA-repair genes in this panel; CONFIRMED at -1."
ercc5	-1	Verified (from repo file fs_mod.csv)	Verified (from repo file)	fs_mod.csv (repo file, pre-existing verified value)	
erg123	1	Literature-researched (this session, Sept 2026) — please double-check	High	"Oncogene 2016 ""The oncogene ERG: a key factor in prostate cancer""; PubMed 2022 ""The Expression of Proto-Oncogene ETS-Related Gene (ERG) Plays a Central Role in...Prostate Cancer"""	TMPRSS2-ERG fusion is one of the most common and best-characterized oncogenic drivers in prostate cancer; CONFIRMED at +1.
erk2	1	Verified (from repo file fs_mod.csv)	Verified (from repo file)	fs_mod.csv (repo file, pre-existing verified value)	
erk5	1	Literature-researched (this session, Sept 2026) — please double-check	Medium	"ScienceDirect review ""Targeted Avenues for Cancer Treatment: The MEK5-ERK5 Signaling Pathway""; note: Cell Cycle 2016 shows KRAS/BRAF-mutant or MAPK7-amplified lines are not uniformly ""addicted"" to ERK5 activity"	MAPK7/ERK5 is broadly classified as a proliferative/pro-survival MAPK-family kinase and an active drug-target pathway (MEK5-ERK5), though dependency is not universal across all tumor genotypes; CONFIRMED at +1.
ets1	1	Verified (from repo file fs_mod.csv)	Verified (from repo file)	fs_mod.csv (repo file, pre-existing verified value)	
etv6	-1	Literature-researched (this session, Sept 2026) — please double-check	Medium	"Blood 2011 ""ETV6 Is An Early T-Cell Progenitor (ETP)-Specific Tumor Suppressor Gene in Adult T-ALL""; ScienceDirect ""ETV6: A versatile player in leukemogenesis""; ASH ""Molecular basis of ETV6-mediated predisposition to childhood ALL"""	ETS-family transcriptional repressor with well-established tumor-suppressor function in hematopoiesis; its disruption (deletion, point mutation, or fusion such as ETV6-RUNX1) drives leukemogenesis; CONFIRMED at -1.
fak	1	Verified (from repo file fs_mod.csv)	Verified (from repo file)	fs_mod.csv (repo file, pre-existing verified value)	
fakpy397	1	Verified (from repo file fs_mod.csv)	Verified (from repo file)	fs_mod.csv (repo file, pre-existing verified value)	
fakpy925	1	Literature-researched (this session, Sept 2026) — please double-check	High	"Oncogene ""Intrinsic FAK activity and Y925 phosphorylation facilitate an angiogenic switch in tumors""; Mol Biol Cell 2011 ""FAK phosphorylation at Tyr-925 regulates cross-talk between focal adhesion turnover and cell protrusion"""	Y925 is a Grb2-binding activation site on FAK that drives Ras-Erk signaling, focal-adhesion turnover, angiogenesis and invasion; canonical oncogenic activation marker; CONFIRMED at +1.
fancd2	-1	Literature-researched (this session, Sept 2026) — please double-check	High	"PMC ""Fanconi Anemia Signaling and Cancer""; Cancer Biol Ther 2014 ""Advances in the understanding of the Fanconi Anemia tumor suppressor pathway"""	Core component of the Fanconi Anemia/BRCA DNA-repair pathway; well-established tumor-suppressor whose loss causes genomic instability and cancer predisposition; CONFIRMED at -1.
fasn	1	Verified (from repo file fs_mod.csv)	Verified (from repo file)	fs_mod.csv (repo file, pre-existing verified value)	
fgfrpy653y654	1	Literature-researched (this session, Sept 2026) — please double-check	High	Cell Signaling Technology / R&D Systems phospho-FGFR(Y653/Y654) product descriptions (activation-loop autophosphorylation sites); established FGFR oncogenic-driver literature	Y653/Y654 are the FGFR kinase activation-loop autophosphorylation sites, the canonical marker of activated FGFR signaling, an established oncogenic RTK pathway across multiple cancers; CONFIRMED at +1.
fibronectin	1	Verified (from repo file fs_mod.csv)	Verified (from repo file)	fs_mod.csv (repo file, pre-existing verified value)	
fortilin	1	Literature-researched (this session, Sept 2026) — please double-check	Medium	"Frontiers Mol Biosci 2021 ""Upregulation of Translationally Controlled Tumor Protein Is Associated With Cervical Cancer Progression""; ScienceDirect review ""The multifaceted potential of TPT1 as biomarker and therapeutic target"""	TCTP/fortilin (TPT1) is broadly anti-apoptotic and overexpressed/pro-survival across multiple cancer types; CONFIRMED at +1.
foxm1	1	Verified (from repo file fs_mod.csv)	Verified (from repo file)	fs_mod.csv (repo file, pre-existing verified value)	
foxo3a	-1	Verified (from repo file fs_mod.csv)	Verified (from repo file)	fs_mod.csv (repo file, pre-existing verified value)	
foxo3aps318	1	Literature-researched (this session, Sept 2026) — please double-check	Medium	"Cell Signaling Technology phospho-FoxO3a(Ser318/321) product notes (Akt substrate site); ScienceDirect ""Akt, FoxO and regulation of apoptosis""; PMC ""Inhibition of AKT promotes FOXO3a-dependent apoptosis in prostate cancer"""	CORRECTED from -1 to +1. S318/S321 is the canonical Akt-mediated inactivating phosphorylation that excludes FOXO3a from the nucleus and shuts down its tumor-suppressive transcriptional program (e.g. p27, BIM induction). Although total FOXO3a is tumor-suppressive, THIS phospho-mark specifically reports active oncogenic PI3K/AKT pathway signaling - the RPPA signal represents pathway activation, not tumor-suppressor activity, so it should carry the same sign as other activated-AKT-pathway readouts (analogous to phospho-GSK3 below), not the sign of the unphosphorylated parent.
foxo3aps318s321	-1	Verified (from repo file fs_mod.csv)	Verified (from repo file)	fs_mod.csv (repo file, pre-existing verified value)	
fra1	1	Verified (from repo file fs_mod.csv)	Verified (from repo file)	fs_mod.csv (repo file, pre-existing verified value)	
fra1ps265	1	Literature-researched (this session, Sept 2026) — please double-check	High	"Oncogene 2020 ""The nuclear oncoprotein Fra-1: a transcription factor knocking on therapeutic applications' door""; PMC ""Role of the Transcription Factor FOSL1 in Organ Development and Tumorigenesis"""	S265 is an ERK-mediated phosphorylation that stabilizes and activates the Fra-1/FOSL1 oncoprotein, promoting EMT/invasion; CONFIRMED at +1.
fra1ps265cleaved	1	Literature-researched (this session, Sept 2026) — please double-check	High	Same as fra1ps265 (Oncogene 2020 Fra-1 review; PMC FOSL1 tumorigenesis review) - cleaved-form-specific variant of the same phospho-antibody	Cleaved-form-specific version of the FRA1 pSer265 antibody; same target/rationale as fra1ps265; CONFIRMED at +1.
frs2apy436	1	Literature-researched (this session, Sept 2026) — please double-check	Medium	"Cancer Res 2013 ""Amplification of FRS2 and Activation of FGFR/FRS2 Signaling Pathway in High-Grade Liposarcoma""; PMC ""Discovery of a small molecule ligand of FRS2 that inhibits invasion and tumor growth"""	Y436 phosphorylation of the FRS2 adaptor recruits Grb2/PI3K downstream of FGFR and other RTKs, propagating oncogenic Ras/PI3K signaling; CONFIRMED at +1.
g6pd	1	Verified (from repo file fs_mod.csv)	Verified (from repo file)	fs_mod.csv (repo file, pre-existing verified value)	
gab2	1	Verified (from repo file fs_mod.csv)	Verified (from repo file)	fs_mod.csv (repo file, pre-existing verified value)	
gab2py452	1	Literature-researched (this session, Sept 2026) — please double-check	High	"Oncogene 2010 ""Focal amplification and oncogene dependency of GAB2 in breast cancer""; Nat Med ""A role for the scaffolding adapter GAB2 in breast cancer"""	GAB2 is a focally amplified, oncogene-dependency scaffold in breast cancer; pY452 marks the activated adaptor recruiting PI3K/p85; confidence upgraded from draft's Medium to High given the strength/consistency of the amplification literature; CONFIRMED at +1.
gapdh	0	Verified (from repo file fs_mod.csv)	Verified (from repo file)	fs_mod.csv (repo file, pre-existing verified value)	
gata3	-1	Verified (from repo file fs_mod.csv)	Verified (from repo file)	fs_mod.csv (repo file, pre-existing verified value)	
gata3beta	-1	Literature-researched (this session, Sept 2026) — please double-check	Medium	"Cancer Cell 2008 ""GATA-3 Links Tumor Differentiation and Dissemination in a Luminal Breast Cancer Model""; PMC ""GATA3 Inhibits Breast Cancer Metastasis through the Reversal of Epithelial-Mesenchymal Transition""; Cell Death Dis 2019 ""GATA3 recruits UTX for gene transcriptional activation to suppress metastasis of breast cancer"""	Majority of functional literature supports an anti-metastatic, luminal-differentiation-promoting (tumor-suppressive) role for GATA3 in breast cancer, despite one review title framing it as debated; CONFIRMED at -1.
gata6	1	Verified (from repo file fs_mod.csv)	Verified (from repo file)	fs_mod.csv (repo file, pre-existing verified value)	
gclm	1	Verified (from repo file fs_mod.csv)	Verified (from repo file)	fs_mod.csv (repo file, pre-existing verified value)	
gcn5l2	1	Verified (from repo file fs_mod.csv)	Verified (from repo file)	fs_mod.csv (repo file, pre-existing verified value)	
glutamated12	1	Verified (from repo file fs_mod.csv)	Verified (from repo file)	fs_mod.csv (repo file, pre-existing verified value)	
glutaminase	1	Verified (from repo file fs_mod.csv)	Verified (from repo file)	fs_mod.csv (repo file, pre-existing verified value)	
gpbb	1	Literature-researched (this session, Sept 2026) — please double-check	Medium	"Front Cell Dev Biol 2020 ""Glycogen Phosphorylase B Is Regulated by miR101-3p and Promotes Hepatocellular Carcinoma Tumorigenesis""; PLOS ONE 2019 ""Breast cancers utilize hypoxic glycogen stores via PYGB...to promote metastatic phenotypes""; PMC 2025 ""Aberrant expression of PYGB as a potential therapeutic target...in lung cancer"""	"CORRECTED from 0 to +1. ""GPBB"" = glycogen phosphorylase, brain-type isoenzyme (gene PYGB). Multiple independent studies across HCC, breast and lung cancer converge on PYGB promoting tumorigenesis/metastasis by fueling glycogenolysis-based metabolic reprogramming under hypoxia, more consistent than a purely ""housekeeping metabolic enzyme"" framing."
granzymeb	-1	Verified (from repo file fs_mod.csv)	Verified (from repo file)	fs_mod.csv (repo file, pre-existing verified value)	
gsk3alphabeta	0	Literature-researched (this session, Sept 2026) — please double-check	Medium	"PubMed 2025 ""The duality of GSK-3β in urinary bladder cancer: Tumor suppressor and promoter roles through multiple signaling pathways""; Spandidos review ""Glycogen synthase kinase 3β in tumorigenesis and oncotherapy"""	Total/pan GSK3α/β antibody; GSK3 has well-documented dual, pathway- and cancer-type-dependent roles (Wnt-suppressive arm vs. NF-κB/survival-promoting arm); CONFIRMED at 0 for the non-phospho (total-protein) readout.
gsk3alphabetaps21	1	Literature-researched (this session, Sept 2026) — please double-check	Medium	"Same GSK3 dual-role reviews as above, plus mechanistic rationale (Ser21/Ser9 is the Akt-inactivating site; PMC4340754 ""Glycogen synthase kinase-3 (GSK3): regulation, actions, and diseases"")"	CORRECTED from 0 to +1. Ser21(α)/Ser9(β) phosphorylation is the canonical Akt-mediated INACTIVATING mark on GSK3; loss of GSK3 activity stabilizes β-catenin and cyclin D1, promoting proliferation. As with phospho-FOXO3a, this phosphosite should be scored as a readout of oncogenic PI3K/AKT pathway activation, not by the dual biology of total GSK3.
gsk3alphabetaps21s9	1	Literature-researched (this session, Sept 2026) — please double-check	Medium	Same rationale/sources as gsk3alphabetaps21 (combined α-Ser21/β-Ser9 dual-inactivating-phosphosite antibody)	CORRECTED from 0 to +1. Combined alpha/beta inactivating phosphosite antibody; same Akt-pathway-activation rationale as gsk3alphabetaps21 and gsk3bps9.
gsk3b	0	Literature-researched (this session, Sept 2026) — please double-check	Medium	"Spandidos review ""Glycogen synthase kinase 3β in tumorigenesis and oncotherapy (Review)""; ScienceDirect ""GSK3B - an overview"""	Total GSK3-beta protein antibody; dual/context-dependent role in cancer (tumor-suppressive via Wnt/β-catenin degradation vs. pro-tumor via NF-κB and other substrates); CONFIRMED at 0.
gsk3bps9	1	Literature-researched (this session, Sept 2026) — please double-check	Medium	"Frontiers 2016 ""Novel Non-phosphorylated Serine 9/21 GSK3β/α Antibodies: Expanding the Tools for Studying GSK3 Regulation""; PMC4340754 GSK3 regulation review; Karger ""AKT/GSK3β Signaling in Glioblastoma"""	CORRECTED from 0 to +1. Ser9 is the principal Akt-mediated inactivating phosphosite on GSK3β and a standard RPPA readout of active oncogenic PI3K/AKT signaling (used this way in TCGA/TCPA pathway scoring); scored by pathway-activation logic rather than by GSK3's own dual biology.
gsk3ps21	1	Literature-researched (this session, Sept 2026) — please double-check	Medium	Same sources as gsk3alphabetaps21/gsk3bps9 (GSK3 Ser21/Ser9 Akt-inactivation literature)	CORRECTED from 0 to +1. Ser21-specific (GSK3-alpha) inactivating phosphosite; same Akt-pathway-activation rationale as the other phospho-GSK3 entries.
gsk3ps9	1	Verified (from repo file fs_mod.csv)	Verified (from repo file)	fs_mod.csv (repo file, pre-existing verified value)	
gys	1	Verified (from repo file fs_mod.csv)	Verified (from repo file)	fs_mod.csv (repo file, pre-existing verified value)	
gysps641	-1	Verified (from repo file fs_mod.csv)	Verified (from repo file)	fs_mod.csv (repo file, pre-existing verified value)	
h2axps139	0	Literature-researched (this session, Sept 2026) — please double-check	Medium	"Leukemia 2010 ""γH2AX: a sensitive molecular marker of DNA damage and repair""; Cancer Res 2011 ""Phosphorylation of H2AX at Ser139...Inhibits Cell Transformation"""	"γH2AX is a downstream readout of DNA damage/replication stress engagement (checkpoint/repair-focus marker), not itself a growth-promoting or growth-inhibiting signaling node; one study even links this phosphorylation to inhibition of cell transformation. Genuinely a ""readout, not a driver"" case; CONFIRMED at 0."
h2axps140	1	Verified (from repo file fs_mod.csv)	Verified (from repo file)	fs_mod.csv (repo file, pre-existing verified value)	
her2	1	Verified (from repo file fs_mod.csv)	Verified (from repo file)	fs_mod.csv (repo file, pre-existing verified value)	
her2py1248	1	Verified (from repo file fs_mod.csv)	Verified (from repo file)	fs_mod.csv (repo file, pre-existing verified value)	
her3	1	Verified (from repo file fs_mod.csv)	Verified (from repo file)	fs_mod.csv (repo file, pre-existing verified value)	
her3py1289	1	Verified (from repo file fs_mod.csv)	Verified (from repo file)	fs_mod.csv (repo file, pre-existing verified value)	
heregulin	1	Verified (from repo file fs_mod.csv)	Verified (from repo file)	fs_mod.csv (repo file, pre-existing verified value)	
hes1	-1	Verified (from repo file fs_mod.csv)	Verified (from repo file)	fs_mod.csv (repo file, pre-existing verified value)	
hexokinaseii	1	Verified (from repo file fs_mod.csv)	Verified (from repo file)	fs_mod.csv (repo file, pre-existing verified value)	
hiap	1	Literature-researched (this session, Sept 2026) — please double-check	Medium	"R&D Systems ""Human cIAP-1/HIAP-2 Antibody"" and ""cIAP-2/HIAP-1"" product pages (historical aliases); general IAP-family (BIRC2/BIRC3/BIRC5/XIAP) anti-apoptotic cancer literature (e.g. Cancer Cell Int 2016 ""Survivin: a unique target for tumor therapy"")"	HIAP is a historical alias for a cellular IAP-family member (cIAP1/BIRC2 or cIAP2/BIRC3 - the antibody name alone does not disambiguate which). All characterized IAP-family proteins are anti-apoptotic and generally pro-survival/oncogenic-supportive (amplified in several cancers, promote NF-κB signaling and chemoresistance), so the directional call (+1) is robust even though the exact paralog identity is uncertain; CONFIRMED at +1, confidence kept at Medium due to name ambiguity.
hif1alpha	1	Verified (from repo file fs_mod.csv)	Verified (from repo file)	fs_mod.csv (repo file, pre-existing verified value)	
histoneh2a	0	Literature-researched (this session, Sept 2026) — please double-check	High	"PMC 2024 ""Roles of Histone H2A Variants in Cancer Development, Prognosis, and Treatment"""	Generic/core (non-variant-specific) histone H2A; structural chromatin protein commonly used as an RPPA loading-control-type marker, no oncogene/TSG classification (context-specific roles exist only for named H2A variants such as macroH2A/H2A.Z, not the pan-H2A antibody); CONFIRMED at 0.
histoneh3	1	Verified (from repo file fs_mod.csv)	Verified (from repo file)	fs_mod.csv (repo file, pre-existing verified value)	
hlae	0	Literature-researched (this session, Sept 2026) — please double-check	Low	"Cancer Cell 2023 ""Immune checkpoint HLA-E:CD94-NKG2A mediates evasion of circulating tumor cells from NK cell surveillance"""	HLA-E facilitates tumor immune evasion (an indirect pro-tumor mechanism via NK/T-cell inhibition) but has no established direct role in cell-intrinsic proliferative or growth-suppressive signaling, the axis this fs score is meant to capture; CONFIRMED at 0.
hmgb1	0	Literature-researched (this session, Sept 2026) — please double-check	Low	"Clin Cancer Res 2013 ""HMGB1 in Cancer: Good, Bad, or Both?""; PMC 2024 ""Multiple functions of HMGB1 in cancer"""	Extensively documented dual role: pro-tumorigenic via inflammatory/autophagy/pro-survival signaling in some contexts, but also drives antitumor immunity as a DAMP and can promote apoptosis in others; CONFIRMED at 0.
hsp27	1	Verified (from repo file fs_mod.csv)	Verified (from repo file)	fs_mod.csv (repo file, pre-existing verified value)	
hsp27ps82	1	Verified (from repo file fs_mod.csv)	Verified (from repo file)	fs_mod.csv (repo file, pre-existing verified value)	
hsp70	1	Verified (from repo file fs_mod.csv)	Verified (from repo file)	fs_mod.csv (repo file, pre-existing verified value)	
hsp90	1	Literature-researched (this session, Sept 2026) — please double-check	Medium	"Nature Reviews Cancer nrc1716 ""HSP90 and the chaperoning of cancer""; PMC9685368 (HSP90 inhibitors and cancer review)"	Molecular chaperone stabilizing numerous oncoproteins (HER2, AKT, mutant p53, BRAF); major oncology drug target class; not itself a driver mutation but enables oncogenic signaling
hsp90a	1	Literature-researched (this session, Sept 2026) — please double-check	Medium	Same as hsp90 (HSP90AA1 alpha isoform); Nature Reviews Cancer nrc1716	HSP90-alpha isoform; identical functional role stabilizing oncogenic client proteins as hsp90
hsparc	0	Literature-researched (this session, Sept 2026) — please double-check	Low	"SPARC-p53 ""double agents"" review (ScienceDirect S0065230X20300464); PMC7667597 (low SPARC = poor prognosis, endometrial); Oncogene 1206807 (SPARC mediates tumor-stromal invasion, pancreatic); PubMed 16103089 (SPARC inhibits breast cancer metastasis)"	Matricellular glycoprotein with genuinely opposing roles across cancers - anti-metastatic/tumor-suppressive in breast and endometrial cancer, pro-invasive/stroma-remodeling in pancreatic and glioma; no literature consensus direction
hvegf	1	Literature-researched (this session, Sept 2026) — please double-check	High	"UniProt P15692 (VEGFA); Nature Reviews Cancer nrc909 ""VEGF and the quest for tumour angiogenesis factors"""	Master pro-angiogenic growth factor driving tumor vascularization; canonical oncogenic signal and target of anti-VEGF therapies (bevacizumab)
hydin	0	Literature-researched (this session, Sept 2026) — please double-check	Medium	Human Protein Atlas HYDIN gene summary; Sanger COSMIC HYDIN gene mutation catalog; Cancer Immunology Research AACR (HYDIN variants as neoantigens)	Large ciliary axonemal gene, not a recognized oncogene or tumor suppressor; frequently mutated in cancer genomes largely as a passenger reflecting its very large size (source of high mutational/neoantigen burden), not a known driver
igf1r	1	Literature-researched (this session, Sept 2026) — please double-check	High	"UniProt P08069; British Journal of Cancer 6602627 ""Role of IGF1R signalling in cancer""; Oncogene s41388-022-02376-w"	Receptor tyrosine kinase driving PI3K/AKT and RAS/MAPK proliferative and survival signaling; validated oncogenic driver and drug target
igf1rb	1	Literature-researched (this session, Sept 2026) — please double-check	High	Same as igf1r (beta subunit carries the kinase/signaling domain of the same receptor)	IGF1R beta subunit; identical oncogenic signaling role as full-length igf1r
igf1rpy1135	1	Literature-researched (this session, Sept 2026) — please double-check	High	"PubMed 16793764 ""Role of activation loop tyrosines in regulation of IGF1R kinase""; Abcam IGF1R phospho Y1131/Y1135/Y1136 product literature"	Activation-loop autophosphorylation tyrosine required for full IGF1R kinase activation; direct marker of receptor activation and downstream oncogenic signaling
igf1rpy1135y1136	1	Verified (from repo file fs_mod.csv)	Verified (from repo file)	fs_mod.csv (repo file, pre-existing verified value)	
igf1rpy980	1	Literature-researched (this session, Sept 2026) — please double-check	High	Same IGF1R activation literature (PubMed 16793764); CST/Abcam IGF1R phospho-Y980 product descriptions	Juxtamembrane phosphotyrosine that recruits IRS-1 downstream of receptor activation; reflects active IGF1R pathway signaling
igfbp2	1	Verified (from repo file fs_mod.csv)	Verified (from repo file)	fs_mod.csv (repo file, pre-existing verified value)	
igfbp5	-1	Literature-researched (this session, Sept 2026) — please double-check	Medium	PMC4653031 (IGFBP5 tumor suppressor in melanoma); PMC5180245/Sci Rep srep39334 (C-terminal IGFBP5 suppresses tumor growth by inhibiting angiogenesis); Oncogene onc201197 (IGFBP5 suppresses osteosarcoma growth/metastasis); Carcinogenesis 29(11):2106 (IGFBP5 inhibits angiogenesis)	CORRECTED from ambiguous: multiple independent studies (melanoma, osteosarcoma, angiogenesis assays) consistently show IGFBP5 acts as a growth/angiogenesis inhibitor; IGFBP family overall is context-dependent elsewhere, so held at Medium not High
igfbpb	0	Literature-researched (this session, Sept 2026) — please double-check	Low	"No specific source - ""igfbpb"" is not a standard gene/antibody symbol"	Ambiguous antibody name; unclear which IGFBP paralog is targeted. IGFBP family members have context-dependent, sometimes opposing, roles, so kept at 0 pending clearer target identification - flagged as not confidently identifiable
ikbaps32	1	Literature-researched (this session, Sept 2026) — please double-check	Medium	"Chen et al., classic IkB-alpha Ser32/Ser36 phosphorylation paper (controls IkB-alpha proteolysis and NF-kB activation); Wikipedia ""IkappaB kinase""; Cell Signaling Technology phospho-IkBa (Ser32) antibody literature"	CORRECTED from ambiguous: this phosphorylation triggers IkBalpha ubiquitination/degradation, releasing NF-kB to the nucleus to drive pro-survival/proliferative genes - the antibody signal is a direct readout of upstream IKK/NF-kB PATHWAY ACTIVATION (oncogenic), analogous to how phospho-4EBP1 marks pathway activation despite inactivating an inhibitory protein
ikbaps3236	1	Literature-researched (this session, Sept 2026) — please double-check	Medium	Same as ikbaps32 (Ser32/Ser36 dual-phospho antibody, same regulatory mark; Cell Signaling Technology 9246)	CORRECTED, same reasoning as ikbaps32: marks NF-kB pathway activation upstream event
inpp4b	-1	Verified (from repo file fs_mod.csv)	Verified (from repo file)	fs_mod.csv (repo file, pre-existing verified value)	
irb	1	Verified (from repo file fs_mod.csv)	Verified (from repo file)	fs_mod.csv (repo file, pre-existing verified value)	
irf1	1	Verified (from repo file fs_mod.csv)	Verified (from repo file)	fs_mod.csv (repo file, pre-existing verified value)	
irs1	1	Verified (from repo file fs_mod.csv)	Verified (from repo file)	fs_mod.csv (repo file, pre-existing verified value)	
irs1ps307	0	Literature-researched (this session, Sept 2026) — please double-check	Low	"JBC S0021-9258(20)87956-3 (Ser307 phospho blocks IRS1-insulin receptor interaction, inhibits insulin action); ScienceDirect S0006291X13020809 (""IRS1 Ser307 phosphorylation does NOT mediate mTORC1-induced insulin resistance"" - disputes causal direction); Diabetologia 2006 (differential effects of S307 vs S632)"	Genuinely ambiguous: Ser307 phosphorylation functionally inhibits IRS1-receptor coupling (a negative-feedback/inhibitory mark on an otherwise oncogenic adaptor), but is generated by hyperactive downstream kinases (JNK/S6K/mTORC1) and its net correlation with oncogenic pathway activity is actively disputed in the literature
jab1	1	Literature-researched (this session, Sept 2026) — please double-check	High	"Cancer Research AACR 10.1158/0008-5472.CAN-11-3472; Int J Clin Oncol 10.1007/s10147-021-01933-9 ""Jab1/Cops5: a promising target for cancer diagnosis and therapy""; ScienceDirect S0006291X19315839 ""JAB1/COPS5 is a putative oncogene...in prostate cancer"""	JAB1/COPS5 promotes proteasomal degradation of tumor suppressors p27 and p14ARF; directly classified as oncogene in multiple independent cancer studies (nasopharyngeal, prostate, gastric)
jagged1	1	Verified (from repo file fs_mod.csv)	Verified (from repo file)	fs_mod.csv (repo file, pre-existing verified value)	
jak2	1	Verified (from repo file fs_mod.csv)	Verified (from repo file)	fs_mod.csv (repo file, pre-existing verified value)	
jnk2	1	Verified (from repo file fs_mod.csv)	Verified (from repo file)	fs_mod.csv (repo file, pre-existing verified value)	
jnkpt183y185	1	Verified (from repo file fs_mod.csv)	Verified (from repo file)	fs_mod.csv (repo file, pre-existing verified value)	
junb	0	Literature-researched (this session, Sept 2026) — please double-check	Low	"ScienceDirect S0898656810000033 ""AP-1 - The Jun proteins: Oncogenes or tumor suppressors in disguise?""; Oncogene onc2012235 (JunB and chromatid cohesion)"	Context-dependent AP-1 family member: tumor-suppressive in myeloid malignancies and genome-stability maintenance, but can support oncogenic transcription in other tumor types (e.g., lung); no single consensus direction
kif11	1	Literature-researched (this session, Sept 2026) — please double-check	Medium	Science Translational Medicine scitranslmed.aac6762 (KIF11 drives invasion/proliferation/self-renewal in glioblastoma); PMC7801104 (KIF11 promotes HCC proliferation); ijbs.com v17p0514 (KIF11 promotes gallbladder cancer proliferation via ERBB2/PI3K/AKT)	"CORRECTED from ambiguous: mitotic kinesin (Eg5) required for spindle formation; multiple independent studies directly show it drives tumor cell proliferation/invasion/self-renewal and is an actively pursued drug target (Eg5 inhibitors) - reclassified from ""not classic oncogene"" to growth-promoting"
kras	1	Literature-researched (this session, Sept 2026) — please double-check	High	GeneCards KRAS; COSMIC/pan-cancer driver gene census; standard oncology reference (classic RAS oncogene)	Classic proto-oncogene; activating mutations are among the most common drivers across human cancers (unchanged from draft)
ku	0	Literature-researched (this session, Sept 2026) — please double-check	Medium	"Science Advances sciadv.adh3409 ""Ku70 senses cytosolic DNA and assembles a tumor-suppressive signalosome""; NAR 49(17):9836 (Ku70 phospho-site ablation causes defective repair and spontaneous HCC); PMC3672303 (XRCC6/Ku70 repair reverses TLR4-deficiency-worsened HCC)"	Genome-caretaker NHEJ complex (Ku70/Ku80); loss promotes genomic instability and hepatocellular carcinoma (tumor-suppressive caretaker role), yet DNA-repair activity also enables chemo/radio-resistance in established tumors (pro-survival) - genuinely dual
ku80	1	Verified (from repo file fs_mod.csv)	Verified (from repo file)	fs_mod.csv (repo file, pre-existing verified value)	
lc3ab	1	Verified (from repo file fs_mod.csv)	Verified (from repo file)	fs_mod.csv (repo file, pre-existing verified value)	
lck	1	Verified (from repo file fs_mod.csv)	Verified (from repo file)	fs_mod.csv (repo file, pre-existing verified value)	
ldha	1	Verified (from repo file fs_mod.csv)	Verified (from repo file)	fs_mod.csv (repo file, pre-existing verified value)	
lkb1	-1	Literature-researched (this session, Sept 2026) — please double-check	High	"AACR Cancer Discovery (LKB1/STK11 tumor suppressor in myeloproliferative neoplasm progression); PMC4323096 ""LKB1 tumor suppressor: therapeutic opportunities knock when LKB1 is inactivated""; British Journal of Cancer bjc2015261"	Classic tumor suppressor kinase; frequently inactivated in lung adenocarcinoma and germline-mutated in Peutz-Jeghers syndrome (unchanged from draft)
lrp6ps1490	1	Verified (from repo file fs_mod.csv)	Verified (from repo file)	fs_mod.csv (repo file, pre-existing verified value)	
mapkpt202	1	Literature-researched (this session, Sept 2026) — please double-check	High	"Cell Signaling Technology PhosphoPlus p44/42 MAPK (Erk1/2) Thr202/Tyr204 antibody kit (#9100); PMC4221543 ""The MAPK pathway across different malignancies"""	Canonical ERK1/2 activation-loop dual phosphorylation; the definitive marker of active RAS-RAF-MEK-ERK oncogenic signaling
mapkpt202y204	1	Verified (from repo file fs_mod.csv)	Verified (from repo file)	fs_mod.csv (repo file, pre-existing verified value)	
mcl1	1	Verified (from repo file fs_mod.csv)	Verified (from repo file)	fs_mod.csv (repo file, pre-existing verified value)	
mct4	1	Verified (from repo file fs_mod.csv)	Verified (from repo file)	fs_mod.csv (repo file, pre-existing verified value)	
mdm2	1	Literature-researched (this session, Sept 2026) — please double-check	High	"Nature Reviews Cancer nrc3430 ""MDM2, MDMX and p53 in oncogenesis and cancer therapy""; AACR Molecular Cancer Research ""MDM2, An Introduction"""	E3 ubiquitin ligase that targets p53 for degradation; classic oncogene, frequently amplified in sarcomas and other cancers (a minority of literature reports context-specific tumor-suppressor-like MDM2 functions, but the oncogenic role clearly dominates)
mdm2ps166	1	Verified (from repo file fs_mod.csv)	Verified (from repo file)	fs_mod.csv (repo file, pre-existing verified value)	
mek1	1	Verified (from repo file fs_mod.csv)	Verified (from repo file)	fs_mod.csv (repo file, pre-existing verified value)	
mek12ps217	1	Literature-researched (this session, Sept 2026) — please double-check	High	"PMC7017232 ""Targeting Aberrant RAS/RAF/MEK/ERK Signaling for Cancer Therapy""; AACR Mol Cancer Res ""The MEK/ERK Network as a Therapeutic Target in Human Cancer"""	MEK1/2 activation-loop phosphorylation (Ser217/Ser221); direct readout of RAS-RAF-MEK-ERK oncogenic pathway activity
mek1ps217	1	Literature-researched (this session, Sept 2026) — please double-check	High	Same as mek12ps217 (MEK1-specific antibody, identical activating phosphosite)	Same reasoning as mek12ps217
mek1ps217s221	1	Verified (from repo file fs_mod.csv)	Verified (from repo file)	fs_mod.csv (repo file, pre-existing verified value)	
mek2	1	Literature-researched (this session, Sept 2026) — please double-check	Medium	"PubMed 26399658 ""MEK1 and MEK2 inhibitors and cancer therapy: the long and winding road"""	Total MEK2 protein, core kinase of the oncogenic MAPK cascade and a clinical drug target; total-protein level is a less direct oncogenic readout than the phospho-activated form, hence Medium not High
merit40ps29	1	Verified (from repo file fs_mod.csv)	Verified (from repo file)	fs_mod.csv (repo file, pre-existing verified value)	
merlin	-1	Verified (from repo file fs_mod.csv)	Verified (from repo file)	fs_mod.csv (repo file, pre-existing verified value)	
met	1	Literature-researched (this session, Sept 2026) — please double-check	High	"PMC5378267 ""Hepatocyte growth factor/MET in cancer progression and biomarker discovery""; Journal of Thoracic Oncology ""MET Pathway as a Therapeutic Target"""	Receptor tyrosine kinase for HGF; well-established proto-oncogene, amplified/mutated across many cancers and a validated drug target (unchanged)
mgmt	0	Literature-researched (this session, Sept 2026) — please double-check	Medium	"NEJM NEJMoa043331 (MGMT promoter silencing predicts temozolomide benefit in glioblastoma); ScienceDirect S1568786423000034 ""The dual role of DNA repair protein MGMT in cancer prevention and treatment"""	DNA repair enzyme; protects normal cells from carcinogen-induced mutation (tumor-suppressive/caretaker role in initiation), but its activity in established tumors confers resistance to alkylating chemotherapy (protective of cancer cells) - genuinely dual depending on framing
mif	1	Verified (from repo file fs_mod.csv)	Verified (from repo file)	fs_mod.csv (repo file, pre-existing verified value)	
mig6	-1	Verified (from repo file fs_mod.csv)	Verified (from repo file)	fs_mod.csv (repo file, pre-existing verified value)	
mitochondria	0	Literature-researched (this session, Sept 2026) — please double-check	High	"PMC5491678 ""Mitochondrial VDAC1: A Key Gatekeeper as Potential Therapeutic Target""; ScienceDirect ""The dual role of VDAC in cancer"""	Generic mitochondrial/porin marker, typically used as an organelle-abundance or loading-type control in RPPA panels rather than a specific oncogenic signal; even VDAC-specific literature reports context-dependent, not unidirectional, effects
mklp	1	Literature-researched (this session, Sept 2026) — please double-check	Medium	"Wiley ije/7664607 (KIF23 overexpression promotes viability/migration/invasion in anaplastic thyroid carcinoma); PMC7244035 (KIF23 activates Wnt/beta-catenin signaling in gastric cancer); PubMed 42288227 ""The role of KIF23 in cancer"""	CORRECTED from ambiguous: KIF23/MKLP1 mitotic kinesin; multiple independent studies across cancer types (thyroid, gastric, endometrial) show overexpression directly promotes proliferation, migration and invasion via Wnt/beta-catenin signaling
mlh1	-1	Literature-researched (this session, Sept 2026) — please double-check	High	GeneCards MLH1; OMIM *120436; JAX Lynch Syndrome factsheet	Classic DNA mismatch repair tumor suppressor; germline loss causes Lynch syndrome/HNPCC (unchanged)
mmp2	1	Verified (from repo file fs_mod.csv)	Verified (from repo file)	fs_mod.csv (repo file, pre-existing verified value)	
mnk1	1	Verified (from repo file fs_mod.csv)	Verified (from repo file)	fs_mod.csv (repo file, pre-existing verified value)	
mre11	1	Verified (from repo file fs_mod.csv)	Verified (from repo file)	fs_mod.csv (repo file, pre-existing verified value)	
msh2	1	Verified (from repo file fs_mod.csv)	Verified (from repo file)	fs_mod.csv (repo file, pre-existing verified value)	
msh6	-1	Verified (from repo file fs_mod.csv)	Verified (from repo file)	fs_mod.csv (repo file, pre-existing verified value)	
msi2	1	Verified (from repo file fs_mod.csv)	Verified (from repo file)	fs_mod.csv (repo file, pre-existing verified value)	
mtor	1	Verified (from repo file fs_mod.csv)	Verified (from repo file)	fs_mod.csv (repo file, pre-existing verified value)	
mtorps2448	1	Verified (from repo file fs_mod.csv)	Verified (from repo file)	fs_mod.csv (repo file, pre-existing verified value)	
myosin11	0	Literature-researched (this session, Sept 2026) — please double-check	Low	"PMC12408857 ""MYH11 Suppresses Colorectal Cancer Progression by Inhibiting Epithelial-Mesenchymal Transition via ZEB1 Regulation""; GeneCards MYH11"	Smooth-muscle myosin heavy chain, mainly a structural/differentiation marker; limited direct evidence (single CRC study) suggests a tumor-suppressive, EMT-inhibitory role, insufficient for higher confidence; distinct from the AML-associated CBFB-MYH11 fusion oncoprotein, which arises from a chromosomal translocation, not expression level
myosiniia	0	Literature-researched (this session, Sept 2026) — please double-check	Medium	"PMC13054275 ""MYH9: Structure, functions, and therapeutic implications in cancer and genetic disorders""; PubMed 39273383 ""Non-Muscle Myosin IIA: Friend or Foe in Cancer?"""	Cytoskeletal motor protein with extensively documented dual role across multiple 2024-2025 reviews - tumor-suppressive in some squamous carcinomas (via p53 axis) but pro-invasive/pro-metastatic in others (gastric, HCC); genuinely context-dependent
myosiniiaps1943	-1	Verified (from repo file fs_mod.csv)	Verified (from repo file)	fs_mod.csv (repo file, pre-existing verified value)	
myt1	1	Verified (from repo file fs_mod.csv)	Verified (from repo file)	fs_mod.csv (repo file, pre-existing verified value)	
napsina	1	Verified (from repo file fs_mod.csv)	Verified (from repo file)	fs_mod.csv (repo file, pre-existing verified value)	
nbs1	-1	Literature-researched (this session, Sept 2026) — please double-check	Medium	"PubMed 35839783 (NBS1 is a haploinsufficient tumour suppressor, but essential for SHH-medulloblastoma); Wikipedia ""MRN complex""; Cell Research 7310007 (NBS1 role in DSB repair, telomere stability, checkpoint control)"	Core MRN-complex DNA damage sensor/caretaker; germline NBN mutations (Nijmegen breakage syndrome) predispose to cancer, supporting tumor-suppressor classification, though NBS1 is paradoxically essential (pro-survival) in some already-transformed tumor subtypes - confidence lowered from High to Medium given this nuance
ncadherin	1	Verified (from repo file fs_mod.csv)	Verified (from repo file)	fs_mod.csv (repo file, pre-existing verified value)	
nckips1	1	Literature-researched (this session, Sept 2026) — please double-check	Low	"Human Cell 10.1007/s13577-020-00344-8 ""Nck1 promotes the progression of ovarian carcinoma by enhancing the PI3K/AKT/p70S6K signaling""; Frontiers fcell.2021.688388 ""Sinner or Saint?: Nck Adaptor Proteins in Vascular Biology"""	CORRECTED from ambiguous: NCK1 SH2/SH3 adaptor; direct evidence in ovarian cancer shows it enhances oncogenic PI3K/AKT/p70S6K signaling and promotes tumor progression; kept Low confidence because the exact phosphorylation site of this antibody and NCK1-vs-NCK2 identity are uncertain, and Nck proteins show context-dependence outside cancer
ndrg1pt346	-1	Verified (from repo file fs_mod.csv)	Verified (from repo file)	fs_mod.csv (repo file, pre-existing verified value)	
ndufb4	1	Verified (from repo file fs_mod.csv)	Verified (from repo file)	fs_mod.csv (repo file, pre-existing verified value)	
nf2	1	Verified (from repo file fs_mod.csv)	Verified (from repo file)	fs_mod.csv (repo file, pre-existing verified value)	
nfkbp65	1	Literature-researched (this session, Sept 2026) — please double-check	High	"AACR Cancer Research (p65/RelA required for K-Ras-induced lung tumorigenesis); Nature/BJC 6603878 (high RelA/p65 marks poor-prognosis pancreatic cancer); PMC3245902 ""The Two Faces of NF-kB Signaling in Cancer Development and Therapy"""	Canonical NF-kB transactivating subunit; multiple direct studies show it drives oncogenic transcription and is required for RAS-driven tumorigenesis, though a minority of contexts (e.g., some bladder cancers) report tumor-suppressive NF-kB activity
nfkbp65ps536	1	Verified (from repo file fs_mod.csv)	Verified (from repo file)	fs_mod.csv (repo file, pre-existing verified value)	
notch1	1	Verified (from repo file fs_mod.csv)	Verified (from repo file)	fs_mod.csv (repo file, pre-existing verified value)	
notch3	1	Verified (from repo file fs_mod.csv)	Verified (from repo file)	fs_mod.csv (repo file, pre-existing verified value)	
nras	1	Verified (from repo file fs_mod.csv)	Verified (from repo file)	fs_mod.csv (repo file, pre-existing verified value)	
p14arf	-1	Literature-researched (this session, Sept 2026) — please double-check	High	Wikipedia P14arf; PubMed 9724636 (ARF-p53-MDM2 regulatory feedback loop); Molecular and Cellular Biochemistry (restoring p14ARF to activate p53)	CDKN2A/ARF locus product; classic tumor suppressor that activates p53 by antagonizing MDM2 (unchanged)
p16ink4a	-1	Verified (from repo file fs_mod.csv)	Verified (from repo file)	fs_mod.csv (repo file, pre-existing verified value)	
p18ink4c	-1	Literature-researched (this session, Sept 2026) — please double-check	High	"PubMed 16479172 ""The CDK inhibitor p18Ink4c is a tumor suppressor in medulloblastoma""; PubMed 18381405 (p18INK4C identified as tumor suppressor gene in glioblastoma multiforme)"	CDKN2C; CDK4/6 inhibitor, classic INK4-family tumor suppressor with direct experimental confirmation in multiple tumor types (confidence raised to High)
p19	-1	Literature-researched (this session, Sept 2026) — please double-check	High	"PMC4054302 ""p19Ink4d is a tumor suppressor and controls pituitary anterior lobe cell proliferation""; Oncogene 1201185 (p19INK4D gene altered in osteosarcoma)"	Interpreted as CDKN2D/p19INK4d (INK4-family CDK4/6 inhibitor); direct tumor-suppressor evidence found in pituitary and osteosarcoma studies, resolving the family-ambiguity noted in the draft
p21	-1	Verified (from repo file fs_mod.csv)	Verified (from repo file)	fs_mod.csv (repo file, pre-existing verified value)	
p27	1	Verified (from repo file fs_mod.csv)	Verified (from repo file)	fs_mod.csv (repo file, pre-existing verified value)	
p27pt157	1	Verified (from repo file fs_mod.csv)	Verified (from repo file)	fs_mod.csv (repo file, pre-existing verified value)	
p27pt183	1	Literature-researched (this session, Sept 2026) — please double-check	Medium	"JBC S0021-9258(20)75700-5 ""Phosphorylation of p27Kip1 at Threonine 198 by p90 Ribosomal Protein S6 Kinases Promotes Its Binding to 14-3-3 and Cytoplasmic Localization""; AACR Clin Cancer Res 15(1):81 (AKT-mediated cytoplasmic sequestration of p27 in renal cell carcinoma); Cancer Research 64(15):5225 (cytoplasmic p27 with constitutive pAkt correlates with poor prognosis in AML)"	"CORRECTED from -1 to +1: AKT/RSK-mediated phosphorylation of p27 (canonical site T198; ""T183"" in the draft is likely the same regulatory site under a variant naming) inactivates p27 by driving 14-3-3-mediated cytoplasmic sequestration, blocking its nuclear CDK-inhibitory tumor-suppressor function. Like phospho-4EBP1, this phospho-mark is a readout of oncogenic PI3K/AKT pathway activation and correlates with poor prognosis, not with p27's tumor-suppressive activity"
p27pt198	1	Verified (from repo file fs_mod.csv)	Verified (from repo file)	fs_mod.csv (repo file, pre-existing verified value)	
p38	0	Literature-researched (this session, Sept 2026) — please double-check	Medium	"MDPI Cancers 14(3):483 ""Dissection of the MKK3 Functions in Human Cancer: A Double-Edged Sword?""; Nature Reviews Cancer nrc2694 ""Signal integration by JNK and p38 MAPK pathways in cancer development""; Oncogene s41388-022-02329-3"	Stress-activated MAPK with genuinely dual, well-documented context-dependent roles (tumor-suppressive via apoptosis/senescence induction vs. pro-invasive/pro-survival in other settings) - no consensus direction (unchanged)
p38a	0	Literature-researched (this session, Sept 2026) — please double-check	Medium	Same p38 dual-role literature (MAPK14/p38-alpha is the principal isoform discussed in these reviews)	Same reasoning as p38; p38-alpha is the major isoform studied
p38mapk	1	Verified (from repo file fs_mod.csv)	Verified (from repo file)	fs_mod.csv (repo file, pre-existing verified value)	
p38mapkpt180	0	Literature-researched (this session, Sept 2026) — please double-check	Medium	Same p38 dual-role sources; Cell Signaling Technology phospho-p38 MAPK (Thr180/Tyr182) antibody (#9211, #4511)	Activation-loop phosphorylation (Thr180) reflects p38 pathway activation, but the downstream consequence (apoptosis/senescence vs. invasion/survival) remains context-dependent per the p38 dual-role literature
p38mapkpt180y182	0	Literature-researched (this session, Sept 2026) — please double-check	Medium	Same as p38mapkpt180 (Thr180/Tyr182 dual-phospho antibody, CST #4511/#9211)	Same reasoning as p38mapkpt180
p4442mapk	1	Verified (from repo file fs_mod.csv)	Verified (from repo file)	fs_mod.csv (repo file, pre-existing verified value)	
p53	-1	Verified (from repo file fs_mod.csv)	Verified (from repo file)	fs_mod.csv (repo file, pre-existing verified value)	
p53ps15	-1	Literature-researched (this session, Sept 2026) — please double-check	High	"Nucleic Acids Research gku501 ""Critical role for p53-serine 15 phosphorylation in stimulating transactivation at p53-responsive promoters""; PNAS 220252297 (murine Ser18 homolog regulates p53 DNA damage responses); PMC2577766 (Ser15 phosphorylation via ATM/Chk2 after Topo I/II inhibitors)"	DNA-damage-induced phosphorylation stabilizes and activates p53's tumor-suppressive transactivation function. Unlike inhibitory-protein phospho-marks (e.g., 4EBP1, p27), this phosphorylation INCREASES tumor-suppressor activity, so the sign correctly stays negative
p62	0	Literature-researched (this session, Sept 2026) — please double-check	Medium	"PMC12985490/PubMed 41828565 ""The Oncogenic Signalosome: SQSTM1/p62 as a Master Integrator of Signaling, Metabolism, and Autophagy in Cancer""; PMC8942560 ""An unexpected tumor suppressor role of SQSTM1/p62 in liver tumorigenesis"""	Autophagy adaptor/NRF2 activator with extensively documented dual, tissue-specific role - oncogenic signaling hub in most solid tumors vs. tumor-suppressive specifically in liver tumorigenesis (unchanged)
p62lckligand	1	Verified (from repo file fs_mod.csv)	Verified (from repo file)	fs_mod.csv (repo file, pre-existing verified value)	
p70s6k	1	Verified (from repo file fs_mod.csv)	Verified (from repo file)	fs_mod.csv (repo file, pre-existing verified value)	
p70s6kps371	1	Literature-researched (this session, Sept 2026) — please double-check	High	"Journal of Experimental & Clinical Cancer Research 1756-9966-28-152 (phospho-p70S6K in gastric carcinoma pathogenesis/progression); ScienceDirect S0304383522000684 ""p70 S6 kinase as a therapeutic target in cancers: more than just an mTOR effector"""	mTORC1 pathway effector kinase driving cap-dependent translation and cell growth; phosphorylation is a direct, clinically validated marker of oncogenic mTOR pathway activity (confidence raised to High)
p70s6kpt389	1	Verified (from repo file fs_mod.csv)	Verified (from repo file)	fs_mod.csv (repo file, pre-existing verified value)	
p90rsk	1	Verified (from repo file fs_mod.csv)	Verified (from repo file)	fs_mod.csv (repo file, pre-existing verified value)	
p90rskpt359	1	Literature-researched (this session, Sept 2026) — please double-check	High	"BMC Cancer 1471-2407-12-585 (phospho-p90RSK associated with neoadjuvant chemotherapy response in ER-positive breast cancer); AACR Mol Cancer Ther 15(11):2598 ""Development of a RSK Inhibitor as a Novel Therapy for Triple-Negative Breast Cancer"""	RSK is a direct downstream effector of ERK; its activation-loop phosphorylation (Thr359) reflects active RAS-MAPK signaling and RSK is targeted therapeutically in multiple cancer types (confidence raised to High)
p90rskpt359s363	1	Verified (from repo file fs_mod.csv)	Verified (from repo file)	fs_mod.csv (repo file, pre-existing verified value)	
p90rskpt573	1	Verified (from repo file fs_mod.csv)	Verified (from repo file)	fs_mod.csv (repo file, pre-existing verified value)	
pai1	1	Verified (from repo file fs_mod.csv)	Verified (from repo file)	fs_mod.csv (repo file, pre-existing verified value)	
paics	1	Verified (from repo file fs_mod.csv)	Verified (from repo file)	fs_mod.csv (repo file, pre-existing verified value)	
pak1	1	Verified (from repo file fs_mod.csv)	Verified (from repo file)	fs_mod.csv (repo file, pre-existing verified value)	
pak4	1	Verified (from repo file fs_mod.csv)	Verified (from repo file)	fs_mod.csv (repo file, pre-existing verified value)	
pal1	1	Literature-researched (this session, Sept 2026) — please double-check	Medium	"PMC8817868 ""SERPINE1 Overexpression Promotes Malignant Progression and Poor Prognosis of Gastric Cancer""; Frontiers fonc.2026.1737975 ""Plasminogen activator inhibitor-1 as an oncologic target""; PMC11534035 (suppressing PAI-1/SERPINE1 reduces vulvar carcinoma progression)"	CORRECTED from ambiguous: interpreted as PAI-1/SERPINE1; multiple independent studies (gastric, pancreatic, vulvar cancer) consistently link PAI-1 overexpression to malignant progression, invasion and poor prognosis, and its suppression reduces tumor progression
par	1	Verified (from repo file fs_mod.csv)	Verified (from repo file)	fs_mod.csv (repo file, pre-existing verified value)	
parp1	0	Literature-researched (this session, Sept 2026) — please double-check	Medium	"ScienceDirect S0093775423000611 ""PARP1 roles in DNA repair and DNA replication: the basi(c)s of PARP inhibitor efficacy and resistance""; NAR Cancer zcac042 (mechanisms of PARP1 inhibitor resistance)"	Genuinely dual: DNA-repair caretaker enzyme, but also a major druggable vulnerability/resistance factor - PARP inhibitors are a leading cancer therapy class exploiting BRCA-mutant synthetic lethality (unchanged)
parp2	0	Literature-researched (this session, Sept 2026) — please double-check	Medium	Same as parp1 (functionally paired, partially redundant DNA-repair enzyme)	Same reasoning as parp1
parpcleaved	1	Verified (from repo file fs_mod.csv)	Verified (from repo file)	fs_mod.csv (repo file, pre-existing verified value)	
pax2	0	Literature-researched (this session, Sept 2026) — please double-check	Low	"AACR Cancer Prevention Research capr-15-0121 ""Divergent Roles of PAX2 in the Etiology and Progression of Ovarian Cancer""; JCI 190989 ""A distinct mechanism of epigenetic reprogramming silences PAX2 and initiates endometrial carcinogenesis""; Modern Pathology 3800827 (PAX2 marks Mullerian-origin ovarian carcinomas)"	Genuinely divergent role by tissue: PAX2 silencing appears to INITIATE endometrial cancer (tumor-suppressive there), while PAX2 is retained/expressed mainly as a lineage marker in ovarian/renal tumors without an established growth-promoting mechanism; kept ambiguous (unchanged)
pax8	1	Literature-researched (this session, Sept 2026) — please double-check	Medium	"Nature s41586-022-04809-8 ""The renal lineage factor PAX8 controls oncogenic signalling in kidney cancer""; eLife 44306 ""PAX8 regulon in human ovarian cancer links lineage dependency with epigenetic vulnerability to HDAC inhibitors""; Cell Death & Disease cddis2013262 ""Pax8 has a critical role in epithelial cell survival and proliferation"""	CORRECTED from ambiguous: well-supported lineage-survival oncogene in renal, thyroid and ovarian/Mullerian-lineage cancers - required for tumor cell survival/proliferation in these lineages and a validated dependency/drug target, analogous to MITF or NKX2-1 (tissue-restricted oncogenic role)
paxillin	1	Verified (from repo file fs_mod.csv)	Verified (from repo file)	fs_mod.csv (repo file, pre-existing verified value)	
paxillinpy118	1	Literature-researched (this session, Sept 2026) — please double-check	Medium	"AACR Cancer Research 72(16):4130 ""MLK3 Regulates Paxillin Phosphorylation in Chemokine-Mediated Breast Cancer Cell Migration and Invasion to Drive Metastasis""; PMC3861591 ""Paxillin expression is closely linked to the pathogenesis, progression and prognosis of gastric carcinomas""; Journal of Hematology & Oncology 13045-017-0418-y ""Paxillin: a crossroad in pathological cell migration"""	CORRECTED from ambiguous: Tyr118 phosphorylation is a well-characterized focal-adhesion-turnover mark that multiple direct studies link to enhanced tumor cell migration, invasion and metastasis - reclassified from ambiguous to pro-invasive/pro-metastatic (oncogenic phenotype)
pcadherin	1	Verified (from repo file fs_mod.csv)	Verified (from repo file)	fs_mod.csv (repo file, pre-existing verified value)	
pcna	1	Verified (from repo file fs_mod.csv)	Verified (from repo file)	fs_mod.csv (repo file, pre-existing verified value)	
pdcd4	-1	Verified (from repo file fs_mod.csv)	Verified (from repo file)	fs_mod.csv (repo file, pre-existing verified value)	
pdgfrb	1	Verified (from repo file fs_mod.csv)	Verified (from repo file)	fs_mod.csv (repo file, pre-existing verified value)	
pdh	0	Literature-researched (this session, Sept 2026) — please double-check	High	"AACR Cancer Res 2018 ""PDH-E1β controls tumor progression by altering metabolic status""; Nat Genet 2017 ""Compartmentalized PDH sustains lipogenesis in prostate cancer"" (pro-tumor); PubMed 29444744 ""PDH E1α overexpression inhibits Warburg effect, induces apoptosis in HCC"" (anti-tumor)"	Pyruvate dehydrogenase; CONFIRMED ambiguous - opposing pro- vs anti-tumor effects documented in different cancer types (prostate lipogenesis vs HCC Warburg suppression)
pdha1	0	Literature-researched (this session, Sept 2026) — please double-check	High	Same as PDH (catalytic E1-alpha subunit of the same complex); NCBI Gene 5160	CONFIRMED ambiguous, same dual-role rationale as PDH holoenzyme
pdhk1	1	Verified (from repo file fs_mod.csv)	Verified (from repo file)	fs_mod.csv (repo file, pre-existing verified value)	
pdk1	1	Verified (from repo file fs_mod.csv)	Verified (from repo file)	fs_mod.csv (repo file, pre-existing verified value)	
pdk1ps241	1	Verified (from repo file fs_mod.csv)	Verified (from repo file)	fs_mod.csv (repo file, pre-existing verified value)	
pdl1	1	Verified (from repo file fs_mod.csv)	Verified (from repo file)	fs_mod.csv (repo file, pre-existing verified value)	
pea15	-1	Verified (from repo file fs_mod.csv)	Verified (from repo file)	fs_mod.csv (repo file, pre-existing verified value)	
pea15ps116	1	Verified (from repo file fs_mod.csv)	Verified (from repo file)	fs_mod.csv (repo file, pre-existing verified value)	
pi3kp110alpha	1	Verified (from repo file fs_mod.csv)	Verified (from repo file)	fs_mod.csv (repo file, pre-existing verified value)	
pi3kp110b	1	Verified (from repo file fs_mod.csv)	Verified (from repo file)	fs_mod.csv (repo file, pre-existing verified value)	
pi3kp85	1	Verified (from repo file fs_mod.csv)	Verified (from repo file)	fs_mod.csv (repo file, pre-existing verified value)	
pkaa	1	Verified (from repo file fs_mod.csv)	Verified (from repo file)	fs_mod.csv (repo file, pre-existing verified value)	
pkcalpha	1	Verified (from repo file fs_mod.csv)	Verified (from repo file)	fs_mod.csv (repo file, pre-existing verified value)	
pkcalphaps657	1	Verified (from repo file fs_mod.csv)	Verified (from repo file)	fs_mod.csv (repo file, pre-existing verified value)	
pkcbetaiips660	1	Literature-researched (this session, Sept 2026) — please double-check	High	"TargetScore project's own verified fs_mod.csv lists PKC.b.II_pS660 = +1; PKCβ inhibitor enzastaurin developed for DLBCL/glioma (pro-tumor angiogenesis/BCR signaling); caveat: Cell 2015 Antal et al. ""Cancer-Associated PKC Mutations Reveal Kinase's Role as Tumor Suppressor"" shows PKC family broadly is often LOF in tumors"	CONFIRMED +1 (matches project's own established value); Ser660 is the turn-motif autophosphorylation marking mature/active PKC-beta II, isoform specifically linked to pro-proliferative/angiogenic signaling in lymphoma & glioma despite broader PKC-family tumor-suppressor debate
pkcdeltaps664	1	Verified (from repo file fs_mod.csv)	Verified (from repo file)	fs_mod.csv (repo file, pre-existing verified value)	
pkm2	1	Verified (from repo file fs_mod.csv)	Verified (from repo file)	fs_mod.csv (repo file, pre-existing verified value)	
plcgamma2py759	1	Verified (from repo file fs_mod.csv)	Verified (from repo file)	fs_mod.csv (repo file, pre-existing verified value)	
plcr2py759	1	Literature-researched (this session, Sept 2026) — please double-check	Medium	"JBC 2022 review ""The role of PLCγ2 in immunological disorders, cancer, and neurodegeneration""; My Cancer Genome PLCG2 (gain-of-function PLCG2 mutations reactivate BCR signaling and drive ibrutinib resistance in CLL)"	CORRECTED from 0 to +1: Tyr759 is an activating phosphorylation (analogous to PLCG1 Y783) marking receptor-proximal (BCR/RTK) signaling activation; PLCG2 activation generally promotes proliferation/survival signaling
plk1	1	Verified (from repo file fs_mod.csv)	Verified (from repo file)	fs_mod.csv (repo file, pre-existing verified value)	
plk4	0	Literature-researched (this session, Sept 2026) — please double-check	Medium	"AACR Mol Cancer Ther 2021 ""Role of PLK4 in Epithelial Cancers""; Carcinogenesis 2025 ""PLK4 as therapeutic target in breast cancer""; Nat Cell Death Dis 2023 Plk4 promotes hybrid-EMT/anoikis resistance in p53KO cells"	CONFIRMED ambiguous, confidence upgraded: PLK4 inhibitors are in clinical development against cancer (supports pro-tumor dependency in some contexts) but PLK4 overexpression-driven centrosome amplification also triggers p53-mediated growth arrest - genuinely biphasic
pms2	-1	Verified (from repo file fs_mod.csv)	Verified (from repo file)	fs_mod.csv (repo file, pre-existing verified value)	
porin	-1	Verified (from repo file fs_mod.csv)	Verified (from repo file)	fs_mod.csv (repo file, pre-existing verified value)	
pr	1	Verified (from repo file fs_mod.csv)	Verified (from repo file)	fs_mod.csv (repo file, pre-existing verified value)	
pras40	1	Verified (from repo file fs_mod.csv)	Verified (from repo file)	fs_mod.csv (repo file, pre-existing verified value)	
pras40pt246	1	Verified (from repo file fs_mod.csv)	Verified (from repo file)	fs_mod.csv (repo file, pre-existing verified value)	
prdx1	1	Verified (from repo file fs_mod.csv)	Verified (from repo file)	fs_mod.csv (repo file, pre-existing verified value)	
prex1	1	Verified (from repo file fs_mod.csv)	Verified (from repo file)	fs_mod.csv (repo file, pre-existing verified value)	
prkag2	-1	Literature-researched (this session, Sept 2026) — please double-check	Low	"ScienceDirect ""AMPK and cancer: many faces of a metabolic regulator""; PMC13564821 ""AMPK gamma-subunit isoform switching governs TMZ resistance in glioblastoma"" (context-dependent)"	CONFIRMED -1 but literature is specific to AMPK gamma2 mostly in cardiac hypertrophy syndromes, not cancer directly; direction inferred from general AMPK-pathway tumor-suppressive consensus, kept Low confidence
prmt5	1	Literature-researched (this session, Sept 2026) — please double-check	High	"PMC6291173 ""PRMT5 dysregulation in cancer""; PubMed 30903920 ""Role of PRMT5 in human cancers""; multiple reviews (J Med Chem 2018, ScienceDirect 2025) on PRMT5 as validated anticancer drug target"	CONFIRMED +1, upgraded to High: broad, consistent literature consensus that PRMT5 overexpression drives oncogenic epigenetic/splicing programs across many cancer types
prohibitin	0	Literature-researched (this session, Sept 2026) — please double-check	Medium	"PMC2939069 ""Prohibitins required for cancer cell proliferation and adhesion"" (pro-tumor); PubMed 21566741 ""Roles of prohibitin in growth control and tumor suppression"" (anti-tumor); PMC5630344 ""Prohibitin complex promotes mitochondrial stabilization/survival in hematologic malignancies"" (pro-tumor); Frontiers Biosci: PHB1 loss promotes ccRCC malignancy (anti-tumor)"	CONFIRMED ambiguous, upgraded to Medium: genuinely well-documented dual role (essential mitochondrial chaperone needed for survival in some cancers, growth-suppressive/tumor-suppressive in others e.g. renal cell carcinoma)
ptch	-1	Literature-researched (this session, Sept 2026) — please double-check	High	"GeneCards PTCH1; AACR Clin Cancer Res 2010 ""Mechanisms of Inactivation of PTCH1 in Nevoid Basal Cell Carcinoma Syndrome""; classic Hedgehog-pathway tumor suppressor (Hahn et al. 1996)"	CONFIRMED -1: PTCH1 is a textbook tumor suppressor; loss-of-function mutations drive basal cell carcinoma and medulloblastoma
pten	-1	Verified (from repo file fs_mod.csv)	Verified (from repo file)	fs_mod.csv (repo file, pre-existing verified value)	
puma	-1	Literature-researched (this session, Sept 2026) — please double-check	High	"Springer Cell Commun Signal 2025 ""Multifaceted role of PUMA in cell death pathways... across cancer types""; Science 2004 ""p53- and drug-induced apoptotic responses mediated by BH3-only proteins Puma and Noxa"""	CONFIRMED -1: BBC3/PUMA is a canonical p53-target, pro-apoptotic BH3-only protein; tumor-suppressive
pygm	0	Literature-researched (this session, Sept 2026) — please double-check	High	NCBI Gene summary; GeneCards PYGM	CONFIRMED 0: muscle glycogen phosphorylase is a housekeeping metabolic enzyme with no established oncogene/tumor-suppressor role
rab11	1	Verified (from repo file fs_mod.csv)	Verified (from repo file)	fs_mod.csv (repo file, pre-existing verified value)	
rab25	1	Verified (from repo file fs_mod.csv)	Verified (from repo file)	fs_mod.csv (repo file, pre-existing verified value)	
rad50	-1	Verified (from repo file fs_mod.csv)	Verified (from repo file)	fs_mod.csv (repo file, pre-existing verified value)	
rad51	-1	Verified (from repo file fs_mod.csv)	Verified (from repo file)	fs_mod.csv (repo file, pre-existing verified value)	
raptor	1	Verified (from repo file fs_mod.csv)	Verified (from repo file)	fs_mod.csv (repo file, pre-existing verified value)	
rasd2	0	Literature-researched (this session, Sept 2026) — please double-check	Low	"ScienceDirect 2022 ""RASD2 promotes development and metastasis of uveal melanoma via enhancing glycolysis"" (only direct cancer evidence found); Pharos/GeneCards (RASD2/Rhes otherwise characterized mainly in striatal neurobiology, not cancer)"	CONFIRMED ambiguous/Low: sparse cancer literature limited to a single uveal-melanoma report; no broad pan-cancer consensus
rb	-1	Verified (from repo file fs_mod.csv)	Verified (from repo file)	fs_mod.csv (repo file, pre-existing verified value)	
rbm15	-1	Verified (from repo file fs_mod.csv)	Verified (from repo file)	fs_mod.csv (repo file, pre-existing verified value)	
rbps807	1	Literature-researched (this session, Sept 2026) — please double-check	High	"TargetScore project's own verified fs_mod.csv lists Rb_pS807_S811 = +1 (exact antibody match); Nature ""RB and cell cycle progression"" review"	"CORRECTED from -1 to +1: CDK-mediated phosphorylation at Ser807/811 INACTIVATES the Rb tumor-suppressor ""pocket,"" releasing E2F and driving G1/S progression - the antibody signal is a standard RPPA proliferation marker (same direction as Ki67), not a marker of active tumor suppression"
rbps807s811	1	Verified (from repo file fs_mod.csv)	Verified (from repo file)	fs_mod.csv (repo file, pre-existing verified value)	
rheb	1	Verified (from repo file fs_mod.csv)	Verified (from repo file)	fs_mod.csv (repo file, pre-existing verified value)	
rictor	1	Verified (from repo file fs_mod.csv)	Verified (from repo file)	fs_mod.csv (repo file, pre-existing verified value)	
rictorpt1135	-1	Verified (from repo file fs_mod.csv)	Verified (from repo file)	fs_mod.csv (repo file, pre-existing verified value)	
rip	1	Verified (from repo file fs_mod.csv)	Verified (from repo file)	fs_mod.csv (repo file, pre-existing verified value)	
rock1	1	Literature-researched (this session, Sept 2026) — please double-check	Medium	"Cell Trends in Cancer 2022 ""Preclinical to clinical utility of ROCK inhibitors in cancer""; Nature Oncogene review ""role of ROCK in cancer""; Springer Tumor Biology ""Knockdown of ROCK1 suppresses proliferation and invasion of glioma cells"""	CORRECTED from 0 to +1: ROCK1 signaling consistently promotes cancer cell invasion/migration/metastasis across cell types; ROCK inhibitors are being developed as anti-metastatic cancer therapeutics, supporting a net growth/invasion-promoting classification
rpa32	1	Verified (from repo file fs_mod.csv)	Verified (from repo file)	fs_mod.csv (repo file, pre-existing verified value)	
rpa32ps33	0	Literature-researched (this session, Sept 2026) — please double-check	Medium	"Cell Signaling Technology Phospho-RPA32(Ser33) antibody description (ATR-mediated); Oxford NAR ""Distinct roles for DNA-PK, ATM and ATR in RPA phosphorylation and checkpoint activation""; note: project's own fs_mod.csv scores parent RPA32 = +1 (proliferation marker) but a distinct hyperphosphorylation site RPA32_pS4S8 = -1 (damage/apoptosis-associated)"	CONFIRMED ambiguous: Ser33 is an ATR/replication-stress checkpoint mark that sits biologically between the pro-proliferative baseline RPA32 signal and the growth-arrest-associated hyperphosphorylation site; direction is genuinely site-specific and unresolved
rpa32ps4s8	-1	Verified (from repo file fs_mod.csv)	Verified (from repo file)	fs_mod.csv (repo file, pre-existing verified value)	
rsk	1	Verified (from repo file fs_mod.csv)	Verified (from repo file)	fs_mod.csv (repo file, pre-existing verified value)	
s6	1	Verified (from repo file fs_mod.csv)	Verified (from repo file)	fs_mod.csv (repo file, pre-existing verified value)	
s6ps235	1	Literature-researched (this session, Sept 2026) — please double-check	High	"TargetScore project's own verified fs_mod.csv lists S6_pS235_S236 = +1 (exact antibody match); MDPI 2022 ""Ribosomal Protein S6: A Potential Therapeutic Target against Cancer?"""	CONFIRMED +1: canonical mTORC1/S6K activation mark, standard RPPA proliferation/translation-pathway readout
s6ps235s236	1	Verified (from repo file fs_mod.csv)	Verified (from repo file)	fs_mod.csv (repo file, pre-existing verified value)	
s6ps240	1	Literature-researched (this session, Sept 2026) — please double-check	High	"TargetScore project's own verified fs_mod.csv lists S6_pS240_S244 = +1 (exact antibody match); Mod Pathol 2008 ""Phospho-S6 ribosomal protein: predictive sarcoma marker for mTOR therapy"""	CONFIRMED +1: same rationale as S6 pS235/236, canonical mTOR-pathway activation/proliferation marker
s6ps240s244	1	Verified (from repo file fs_mod.csv)	Verified (from repo file)	fs_mod.csv (repo file, pre-existing verified value)	
scd1	1	Verified (from repo file fs_mod.csv)	Verified (from repo file)	fs_mod.csv (repo file, pre-existing verified value)	
sdha	-1	Verified (from repo file fs_mod.csv)	Verified (from repo file)	fs_mod.csv (repo file, pre-existing verified value)	
setd2	1	Verified (from repo file fs_mod.csv)	Verified (from repo file)	fs_mod.csv (repo file, pre-existing verified value)	
sf2	1	Verified (from repo file fs_mod.csv)	Verified (from repo file)	fs_mod.csv (repo file, pre-existing verified value)	
shcpy317	1	Verified (from repo file fs_mod.csv)	Verified (from repo file)	fs_mod.csv (repo file, pre-existing verified value)	
shp2py542	1	Verified (from repo file fs_mod.csv)	Verified (from repo file)	fs_mod.csv (repo file, pre-existing verified value)	
slc1a5	1	Verified (from repo file fs_mod.csv)	Verified (from repo file)	fs_mod.csv (repo file, pre-existing verified value)	
slfn11	-1	Verified (from repo file fs_mod.csv)	Verified (from repo file)	fs_mod.csv (repo file, pre-existing verified value)	
smac	-1	Verified (from repo file fs_mod.csv)	Verified (from repo file)	fs_mod.csv (repo file, pre-existing verified value)	
smad1	0	Verified (from repo file fs_mod.csv)	Verified (from repo file)	fs_mod.csv (repo file, pre-existing verified value)	
smad3	0	Verified (from repo file fs_mod.csv)	Verified (from repo file)	fs_mod.csv (repo file, pre-existing verified value)	
smad3ps423	0	Literature-researched (this session, Sept 2026) — please double-check	Medium	"AACR Cancer Res 2003 ""Reduction in Smad2/3 signaling enhances tumorigenesis but suppresses metastasis of breast cancer cell lines""; project's fs_mod.csv also scores parent SMAD3 = 0"	CONFIRMED ambiguous: this C-terminal (SSXS) site is the canonical TGFBR1-activation mark of SMAD3; TGF-beta/SMAD3 signaling has a well-documented dual role (growth-arrest/tumor-suppressive in early-stage epithelium, pro-EMT/metastatic in late-stage/advanced tumors)
smad4	0	Verified (from repo file fs_mod.csv)	Verified (from repo file)	fs_mod.csv (repo file, pre-existing verified value)	
smad6	1	Literature-researched (this session, Sept 2026) — please double-check	Low	"Nature Sci Rep 2016 ""Smad6 determines BMP-regulated invasive behaviour of breast cancer cells in a zebrafish xenograft model""; Genes Dev 1998 ""Smad6 inhibits BMP/Smad1 signaling by specifically competing with the Smad4 tumor suppressor"""	CORRECTED from 0 to +1 (low confidence): as an inhibitory SMAD, SMAD6 antagonizes the tumor-suppressive BMP-SMAD1/SMAD4 axis and was shown to promote an invasive phenotype in a breast-cancer xenograft model; evidence is limited/single-pathway so confidence kept Low
snail	1	Verified (from repo file fs_mod.csv)	Verified (from repo file)	fs_mod.csv (repo file, pre-existing verified value)	
socs2	-1	Literature-researched (this session, Sept 2026) — please double-check	High	"Springer Tumor Biology 2016 ""SOCS2 inhibits tumor metastasis in hepatocellular carcinoma""; Nature Leukemia 2008 ""SOCS2: inhibitor of JAK2V617F-mediated signal transduction"""	CONFIRMED -1, upgraded to High: SOCS2 is a negative-feedback regulator of JAK/STAT and growth-hormone/cytokine signaling with direct evidence of metastasis-suppressive and JAK2-mutant-signaling-inhibitory function
sod1	1	Verified (from repo file fs_mod.csv)	Verified (from repo file)	fs_mod.csv (repo file, pre-existing verified value)	
sod2	1	Verified (from repo file fs_mod.csv)	Verified (from repo file)	fs_mod.csv (repo file, pre-existing verified value)	
sox2	1	Verified (from repo file fs_mod.csv)	Verified (from repo file)	fs_mod.csv (repo file, pre-existing verified value)	
sparc	0	Literature-researched (this session, Sept 2026) — please double-check	Medium	"PMC2778590 ""SPARC: a matricellular regulator of tumorigenesis""; review ""Role of SPARC in Cancer; Friend or Foe""; ScienceDirect ""SPARC in cancer biology: role in progression and potential for therapy"""	"CONFIRMED ambiguous, upgraded to Medium: dual tumor-promoting/tumor-suppressing roles of SPARC are extensively and explicitly documented (context/cancer-type dependent), so the ""ambiguous"" call itself is well supported"
spib	0	Literature-researched (this session, Sept 2026) — please double-check	Low	"ScienceDirect 2021 ""SPIB acts as a tumor suppressor by activating NF-κB and JNK signaling through MAP4K1 in colorectal cancer cells"" (single-context finding); GeneCards SPIB"	CONFIRMED ambiguous: SPIB is primarily an immune-lineage (plasmacytoid DC/B-cell) ETS transcription factor; only one colorectal-cancer study found suggesting tumor-suppressive activity, not a broad pan-cancer consensus
src	1	Verified (from repo file fs_mod.csv)	Verified (from repo file)	fs_mod.csv (repo file, pre-existing verified value)	
srcpy416	1	Verified (from repo file fs_mod.csv)	Verified (from repo file)	fs_mod.csv (repo file, pre-existing verified value)	
srcpy527	-1	Verified (from repo file fs_mod.csv)	Verified (from repo file)	fs_mod.csv (repo file, pre-existing verified value)	
stat3	1	Verified (from repo file fs_mod.csv)	Verified (from repo file)	fs_mod.csv (repo file, pre-existing verified value)	
stat3py705	1	Verified (from repo file fs_mod.csv)	Verified (from repo file)	fs_mod.csv (repo file, pre-existing verified value)	
stat3py727	1	Literature-researched (this session, Sept 2026) — please double-check	High	"Pathology & Oncology Res 2022 ""Stat3 Tyr705 and Ser727 Phosphorylation Associate With Clinicopathological Characteristics... in TNBC""; Nature Oncogene 2020 ""STAT3 phosphorylation at Ser727 and Tyr705 differentially regulates the EMT-MET switch and cancer metastasis"""	CONFIRMED +1: site is almost certainly Ser727 (STAT3 has no Tyr727), a MAPK/CDK5-phosphorylated residue required for maximal STAT3 transcriptional activity; generally an activating, pro-oncogenic mark like Tyr705, though it shows some distinct EMT-regulatory nuance
stat5alpha	1	Verified (from repo file fs_mod.csv)	Verified (from repo file)	fs_mod.csv (repo file, pre-existing verified value)	
stat5py694	1	Literature-researched (this session, Sept 2026) — please double-check	High	"PMC5522035 ""Oncogenic STAT5 signaling promotes oxidative stress in CML""; PMC7016966 ""Pharmacological Inhibition of Oncogenic STAT3 and STAT5 Signaling in Hematopoietic Cancers""; project's fs_mod.csv scores STAT5ALPHA = +1"	CONFIRMED +1: canonical JAK-activated tyrosine phosphorylation site, classic oncogenic driver especially in myeloproliferative neoplasms/leukemias (BCR-ABL, JAK2, FLT3-ITD signaling)
stat6py641	1	Literature-researched (this session, Sept 2026) — please double-check	Medium	"Nature Cell Death Dis 2024 ""STAT6/LINC01637 axis regulates tumor growth... uveal melanoma""; PMC12992403 ""STAT6: Multidimensional analysis... hematologic malignancies"""	CORRECTED from 0 to +1: Tyr641 is the canonical JAK-mediated activating phosphorylation site; while STAT6's classical role is Th2/immune differentiation, growing tumor-intrinsic evidence (uveal melanoma, hematologic malignancies, and known Hodgkin-lymphoma IL-13/STAT6 autocrine growth loop) supports a pro-proliferative signal similar to the other oncogenic STATs
stathmin	1	Verified (from repo file fs_mod.csv)	Verified (from repo file)	fs_mod.csv (repo file, pre-existing verified value)	
statpy694	1	Literature-researched (this session, Sept 2026) — please double-check	Medium	Numbering (Y694) matches STAT5A's canonical JAK2-phosphorylation site exactly; see stat5py694 sources above	"CORRECTED from 0 to +1: ""generic STAT pY694"" almost certainly detects the same STAT5A activation site as the stat5py694 antibody in this panel (likely a redundant/alternate clone), not a separate ambiguous target"
syk	1	Verified (from repo file fs_mod.csv)	Verified (from repo file)	fs_mod.csv (repo file, pre-existing verified value)	
syntaxab2	0	Literature-researched (this session, Sept 2026) — please double-check	Low	Searches for the specific antibody clone/target were inconclusive; general syntaxin-family literature (e.g. Syntaxin-6/7 promote EMT, invadopodia, tumor progression in several cancers) is isoform-specific	COULD NOT CONFIDENTLY IDENTIFY exact target/isoform behind this clone name; core SNARE vesicle-trafficking function is not classically oncogene/TSG, and isoform-specific pro-invasive effects (STX6, STX7) cannot be confirmed as applicable without a firm ID - kept ambiguous
tau	1	Verified (from repo file fs_mod.csv)	Verified (from repo file)	fs_mod.csv (repo file, pre-existing verified value)	
taz	-1	Verified (from repo file fs_mod.csv)	Verified (from repo file)	fs_mod.csv (repo file, pre-existing verified value)	
tazps89	-1	Literature-researched (this session, Sept 2026) — please double-check	Medium	"Development 2014 ""The Hippo pathway effectors TAZ and YAP in development, homeostasis and disease""; PMC3406709 ""N-terminal phosphodegron targets TAZ/WWTR1 for SCF-β-TrCP degradation""; TargetScore project's own verified fs.csv/fs_mod.csv score parent TAZ = -1"	CORRECTED from +1 to -1: Ser89 is the canonical LATS1/2-mediated inhibitory phosphorylation (creates 14-3-3 binding site → cytoplasmic sequestration), analogous to YAP Ser127; this INACTIVATES TAZ's oncogenic transcriptional-coactivator function, so high signal marks Hippo-pathway-ON / TAZ-OFF (growth-suppressive), consistent with the project's own established negative sign for TAZ
tcf4	1	Literature-researched (this session, Sept 2026) — please double-check	Low	"PNAS 2011 ""T-cell factor 4 functions as a tumor suppressor... colon cell proliferation and tumorigenesis""; Nature Oncogene 2020 ""Loss of nuclear Wnt effector TCF7L2 promotes migration and invasion of human CRC cells"" (both show context-dependent/tumor-suppressive findings, contrasting classic dogma)"	"KEPT at +1 but flagging genuine controversy: classic dogma holds TCF7L2 (old symbol ""TCF4"")/beta-catenin transactivates oncogenic Wnt targets (MYC, cyclin D1) in APC-mutant colorectal cancer, but multiple primary studies show tumor-suppressive/anti-invasive functions in differentiated colon epithelium - direction genuinely disputed, confidence kept Low"
telomerase	1	Literature-researched (this session, Sept 2026) — please double-check	High	"Nature Oncogene 2019 ""Mechanisms underlying the activation of TERT transcription and telomerase activity in human cancer""; Nature Cell Death Dis 2024 ""The regulations of TERT in cancer"""	CONFIRMED +1: TERT promoter mutations/reactivation occur in the majority of human cancers, driving replicative immortality; classic oncogene
tfam	1	Verified (from repo file fs_mod.csv)	Verified (from repo file)	fs_mod.csv (repo file, pre-existing verified value)	
tff1	-1	Literature-researched (this session, Sept 2026) — please double-check	Medium	"Nature Oncogene 2011 ""Deficiency in TFF1 increases tumorigenicity of human breast cancer cells and mammary tumor development in TFF1-knockout mice""; ""The Tumor Suppressor TFF1 Occurs in Different Forms..."" (PubMed 32260357); PMC3083788 ""Loss of TFF1 associated with NF-κB-mediated inflammation and gastric neoplasia"""	CORRECTED from 0 to -1: multiple knockout/loss-of-function studies in both breast and gastric cancer directly demonstrate a tumor-suppressive function for TFF1, with loss increasing tumorigenicity/inflammation-driven neoplasia
tfrc	1	Verified (from repo file fs_mod.csv)	Verified (from repo file)	fs_mod.csv (repo file, pre-existing verified value)	
tgif2	1	Literature-researched (this session, Sept 2026) — please double-check	Medium	"Nature Signal Transduct Target Ther 2019 ""TGIF2 promotes progression of lung adenocarcinoma by bridging EGFR/RAS/ERK signaling to cancer cell stemness""; ScienceDirect 2000 ""Amplification and Overexpression of TGIF2... in Ovarian Cancer Cell Lines""; Frontiers Immunol 2024 ""TGIF2 is a potential biomarker for diagnosis and prognosis of glioma""; Genes Dev 2019 ""TGIF transcription factors... promote intestinal tumor growth"""	CORRECTED from 0 to +1: consistent evidence of oncogenic/tumor-promoting function for TGIF2 across ovarian, lung, glioma, and intestinal cancers (amplification, overexpression, and functional promotion of proliferation/stemness)
tif1	1	Literature-researched (this session, Sept 2026) — please double-check	Medium	"PubMed 27238081 ""TRIM24 Is an Oncogenic Transcriptional Activator in Prostate Cancer""; PMC3364288 ""Overexpression of TRIM24 Correlates with Tumor Progression in NSCLC""; PNAS ""Trim24 targets endogenous p53 for degradation""; SAGE 2020 ""Knockdown of TRIM24 suppresses growth... in AML"""	CORRECTED from 0 to +1: TRIM24/TIF1-alpha is consistently reported as oncogenic across prostate, lung, and AML, partly by promoting degradation of the p53 tumor suppressor
tigar	0	Verified (from repo file fs_mod.csv)	Verified (from repo file)	fs_mod.csv (repo file, pre-existing verified value)	
tim3	0	Literature-researched (this session, Sept 2026) — please double-check	Low	"Cell Press Cancer Cell 2025 ""TIM3+ breast cancer cells license immune evasion during micrometastasis outbreak"" (pro-tumor, tumor-cell-intrinsic); PubMed 42296720 ""HAVCR2 (TIM-3) as a favorable prognostic immune marker in seminoma"" (opposite direction); PMC9445440 pan-cancer HAVCR2 biomarker study shows mixed prognostic associations across cancer types"	CONFIRMED ambiguous: HAVCR2/TIM-3's association with outcome flips direction across cancer types in pan-cancer biomarker studies, and its role differs substantially between tumor-cell-intrinsic expression (immune evasion, pro-tumor) and expression on exhausted immune cells
top1	0	Literature-researched (this session, Sept 2026) — please double-check	Medium	"Nature Reviews Cancer 2002 ""Topoisomerase I inhibitors: camptothecins and beyond""; PMC12449767 2025 ""Targeting DNA Topoisomerase I for the Treatment of Cancer: Past, Present and Future"""	CONFIRMED 0: essential replication/transcription enzyme and major chemotherapy drug target, but not itself classified as an oncogene or tumor suppressor; expression loosely correlates with proliferation rate but is not a directional growth driver per se
transglutaminase	1	Verified (from repo file fs_mod.csv)	Verified (from repo file)	fs_mod.csv (repo file, pre-existing verified value)	
trfc	1	Literature-researched (this session, Sept 2026) — please double-check	Medium	"Breast Cancer Res Treat 2010 ""Transferrin receptor (CD71) is a marker of poor prognosis in breast cancer and can predict response to tamoxifen""; Frontiers Immunol 2021 ""Antibodies Targeting the Transferrin Receptor 1 (TfR1) as Direct Anti-cancer Agents"""	CORRECTED from 0 to +1: TFRC/CD71 is upregulated in rapidly proliferating cancer cells to meet iron demand for DNA synthesis, is a poor-prognosis marker in several cancers, and is being actively pursued as a direct anticancer drug target - consistent with a growth-promoting/proliferation-associated classification
trim25	1	Verified (from repo file fs_mod.csv)	Verified (from repo file)	fs_mod.csv (repo file, pre-existing verified value)	
tsc1	-1	Verified (from repo file fs_mod.csv)	Verified (from repo file)	fs_mod.csv (repo file, pre-existing verified value)	
tsc2	-1	Literature-researched (this session, Sept 2026) — please double-check	High	"Nature Cell Biology 2002 Inoki et al. ""TSC2 is phosphorylated and inhibited by Akt and suppresses mTOR signalling""; Frontiers Oncology 2023 ""The role of TSC2 in breast cancer: a literature review"""	CONFIRMED -1: TSC2 (tuberin) is a classic tumor suppressor and negative regulator of mTORC1 (GAP activity toward Rheb); loss-of-function causes tuberous sclerosis and predisposes to tumors
tsc2pt1462	1	Literature-researched (this session, Sept 2026) — please double-check	High	"Nature Cell Biology 2002 Inoki et al. (same reference as TSC2 above - explicitly describes Akt phosphorylating TSC2 at this site to inhibit its GAP activity); Developmental Cell 2025 ""AKT-mediated phosphorylation of TSC2 controls stimulus- and tissue-specific mTORC1 signaling and organ growth"""	CORRECTED from -1 to +1: Thr1462 is the direct Akt-mediated phosphorylation site that INACTIVATES TSC2's GAP activity, releasing Rheb-GTP and activating mTORC1; the antibody signal is therefore a marker of PI3K/Akt/mTOR pathway ACTIVATION (growth-promoting), the mirror-image case to phospho-4EBP1/phospho-Rb
ttf1	-1	Verified (from repo file fs_mod.csv)	Verified (from repo file)	fs_mod.csv (repo file, pre-existing verified value)	
tu30	0	Literature-researched (this session, Sept 2026) — please double-check	Low	No conclusive identification found via web search for this antibody/clone name	Target could not be confidently identified; kept fs=0 with Low confidence as instructed for unidentifiable antibodies
tufm	1	Verified (from repo file fs_mod.csv)	Verified (from repo file)	fs_mod.csv (repo file, pre-existing verified value)	
twist	1	Verified (from repo file fs_mod.csv)	Verified (from repo file)	fs_mod.csv (repo file, pre-existing verified value)	
tyro3	1	Verified (from repo file fs_mod.csv)	Verified (from repo file)	fs_mod.csv (repo file, pre-existing verified value)	
ubac1	0	Verified (from repo file fs_mod.csv)	Verified (from repo file)	fs_mod.csv (repo file, pre-existing verified value)	
ubiquitinclonep4d1a11	0	Literature-researched (this session, Sept 2026) — please double-check	Low	"Clone ""P4D1"" is a well-characterized commercial anti-ubiquitin monoclonal antibody (recognizes mono- and poly-ubiquitin conjugates broadly, e.g. Santa Cruz/Cell Signaling P4D1 clone)"	Identified as a generic pan-ubiquitin antibody (clone P4D1) that measures overall cellular ubiquitination/proteostasis flux rather than a specific oncogene or tumor suppressor, so it has no inherent growth-direction; kept ambiguous
ugt1a	1	Verified (from repo file fs_mod.csv)	Verified (from repo file)	fs_mod.csv (repo file, pre-existing verified value)	
ulk1ps757	1	Verified (from repo file fs_mod.csv)	Verified (from repo file)	fs_mod.csv (repo file, pre-existing verified value)	
uqcrc2	0	Literature-researched (this session, Sept 2026) — please double-check	High	NCBI Gene / GeneCards UQCRC2 (mitochondrial complex III / cytochrome bc1 core subunit 2)	CONFIRMED 0: housekeeping OXPHOS structural subunit; no established oncogene/tumor-suppressor classification, though like other OXPHOS components its levels can vary with a cancer's metabolic subtype (analogous ambiguity to PDH)
vasp	1	Verified (from repo file fs_mod.csv)	Verified (from repo file)	fs_mod.csv (repo file, pre-existing verified value)	
vav1	1	Verified (from repo file fs_mod.csv)	Verified (from repo file)	fs_mod.csv (repo file, pre-existing verified value)	
vegf	1	Literature-researched (this session, Sept 2026) — please double-check	High	Classic, extensively documented pro-angiogenic oncogenic growth factor; project's own verified fs.csv/fs_mod.csv scores the receptor VEGFR.2/VEGFR2 = +1 (directionally consistent); basis of anti-VEGF cancer therapies (e.g., bevacizumab)	CONFIRMED +1: canonical angiogenesis-promoting factor overexpressed in most solid tumors
vegfr2	1	Verified (from repo file fs_mod.csv)	Verified (from repo file)	fs_mod.csv (repo file, pre-existing verified value)	
vhleppk1	0	Verified (from repo file fs_mod.csv)	Verified (from repo file)	fs_mod.csv (repo file, pre-existing verified value)	
vimentin	1	Verified (from repo file fs_mod.csv)	Verified (from repo file)	fs_mod.csv (repo file, pre-existing verified value)	
wee1	1	Verified (from repo file fs_mod.csv)	Verified (from repo file)	fs_mod.csv (repo file, pre-existing verified value)	
wee1ps642	-1	Verified (from repo file fs_mod.csv)	Verified (from repo file)	fs_mod.csv (repo file, pre-existing verified value)	
wipi1	-1	Verified (from repo file fs_mod.csv)	Verified (from repo file)	fs_mod.csv (repo file, pre-existing verified value)	
wipi2	-1	Verified (from repo file fs_mod.csv)	Verified (from repo file)	fs_mod.csv (repo file, pre-existing verified value)	
x1433beta	-1	Verified (from repo file fs_mod.csv)	Verified (from repo file)	fs_mod.csv (repo file, pre-existing verified value)	
x1433epsilon	1	Verified (from repo file fs_mod.csv)	Verified (from repo file)	fs_mod.csv (repo file, pre-existing verified value)	
x1433sigma	-1	Literature-researched (this session, Sept 2026) — please double-check	High	14-3-3σ (SFN) is a textbook p53-inducible G2/M checkpoint regulator that is silenced via promoter hypermethylation in breast and other cancers (Hermeking et al., extensively cited literature); GeneCards SFN	CONFIRMED -1, upgraded to High: well-established, frequently-silenced tumor suppressor
x1433zeta	-1	Verified (from repo file fs_mod.csv)	Verified (from repo file)	fs_mod.csv (repo file, pre-existing verified value)	
x4ebp1	-1	Verified (from repo file fs_mod.csv)	Verified (from repo file)	fs_mod.csv (repo file, pre-existing verified value)	
x4ebp1ps65	1	Verified (from repo file fs_mod.csv)	Verified (from repo file)	fs_mod.csv (repo file, pre-existing verified value)	
x4ebp1pt37	1	Literature-researched (this session, Sept 2026) — please double-check	High	"TargetScore project's own verified fs_mod.csv lists X4EBP1_PT37_T46 = +1 (exact antibody match); AACR Cancer Res 2019 ""4E-BP1 Is a Tumor Suppressor Protein Reactivated by mTOR Inhibition in Head and Neck Cancer"""	"CORRECTED from -1 to +1: unphosphorylated 4E-BP1 is a translational-repressor tumor suppressor, but mTOR-mediated phosphorylation at Thr37/46 INACTIVATES it, releasing eIF4E and driving cap-dependent translation - the antibody signal is a standard mTOR-pathway-activation/growth marker (draft's own note already identified this as ""pro-growth"" but had kept the wrong sign)"
x4ebp1pt37t46	1	Verified (from repo file fs_mod.csv)	Verified (from repo file)	fs_mod.csv (repo file, pre-existing verified value)	
x4ebp1pt70	1	Verified (from repo file fs_mod.csv)	Verified (from repo file)	fs_mod.csv (repo file, pre-existing verified value)	
x4oct	1	Literature-researched (this session, Sept 2026) — please double-check	Medium	"Nature Cell Death Dis 2023 ""POU5F1 promotes the proliferation, migration, and invasion of gastric cancer cells""; PMC5403449 ""Oct4 induces EMT through LEF1/β-catenin-dependent WNT signaling in HCC""; Cancer Treatment Reviews ""Roles of OCT4 in tumorigenesis, cancer therapy resistance and prognosis"""	CORRECTED from 0 to +1: while OCT4/POU5F1 is a stemness/pluripotency factor, functional cancer studies consistently show it promotes proliferation, EMT, invasion, and therapy resistance when re-expressed in tumor cells
x53bp1	-1	Verified (from repo file fs_mod.csv)	Verified (from repo file)	fs_mod.csv (repo file, pre-existing verified value)	
xbp1	1	Verified (from repo file fs_mod.csv)	Verified (from repo file)	fs_mod.csv (repo file, pre-existing verified value)	
xiap	1	Literature-researched (this session, Sept 2026) — please double-check	High	"Atlas Genetics Oncology XIAP entry; Nature Cell Death Differ 2008 ""X-linked inhibitor of apoptosis deficiency in the TRAMP mouse prostate cancer model"" (XIAP loss reduces tumor progression)"	CONFIRMED +1: classic anti-apoptotic IAP-family oncoprotein, functionally validated pro-tumor role in genetic mouse models
xpa	-1	Verified (from repo file fs_mod.csv)	Verified (from repo file)	fs_mod.csv (repo file, pre-existing verified value)	
xpb	-1	Literature-researched (this session, Sept 2026) — please double-check	Medium	OMIM/GeneCards ERCC3; germline ERCC3 (XPB) mutations cause xeroderma pigmentosum (± Cockayne syndrome), a cancer-predisposition syndrome; TFIIH core helicase subunit essential for nucleotide excision repair	"CONFIRMED -1: classic DNA-repair ""caretaker"" gene; direct evidence is mainly genetic/hereditary (cancer-predisposition syndrome) rather than somatic-tumor functional studies, so confidence kept Medium rather than High"
xpc	-1	Literature-researched (this session, Sept 2026) — please double-check	Medium	"PMC4872709 ""XPC: Going where no DNA damage sensor has gone before""; AACR Cancer Res 2012 ""XPC Enhances DNA Damage-Induced Apoptosis""; germline XPC loss causes xeroderma pigmentosum (cancer-predisposition)"	CONFIRMED -1: nucleotide-excision-repair caretaker/genome-protective gene; loss predisposes to skin and other cancers, and XPC also promotes p53-related apoptotic responses to DNA damage
xpf	-1	Verified (from repo file fs_mod.csv)	Verified (from repo file)	fs_mod.csv (repo file, pre-existing verified value)	
xrcc1	1	Verified (from repo file fs_mod.csv)	Verified (from repo file)	fs_mod.csv (repo file, pre-existing verified value)	
yap	1	Verified (from repo file fs_mod.csv)	Verified (from repo file)	fs_mod.csv (repo file, pre-existing verified value)	
yapps127	1	Verified (from repo file fs_mod.csv)	Verified (from repo file)	fs_mod.csv (repo file, pre-existing verified value)	
yb1	1	Verified (from repo file fs_mod.csv)	Verified (from repo file)	fs_mod.csv (repo file, pre-existing verified value)	
yb1ps102	1	Verified (from repo file fs_mod.csv)	Verified (from repo file)	fs_mod.csv (repo file, pre-existing verified value)	
yboxbp1	1	Literature-researched (this session, Sept 2026) — please double-check	High	Well-established oncogenic multifunctional transcription/translation factor (YB-1); extensively documented role in EMT, chemoresistance, and poor prognosis across breast and other cancers; GeneCards/NCBI Gene YBX1	CONFIRMED +1, upgraded to High: broad literature consensus on YB-1's oncogenic, drug-resistance-promoting function
zap70	1	Verified (from repo file fs_mod.csv)	Verified (from repo file)	fs_mod.csv (repo file, pre-existing verified value)	
zhx2	-1	Literature-researched (this session, Sept 2026) — please double-check	Medium	"J Cell Mol Med 2008 ""ZHX2 is a repressor of alpha-fetoprotein expression in human hepatoma cell lines""; ScienceDirect ""Reduced nuclear ZHX2 involves oncogenic activation of glypican-3 in human HCC""; ""ZHX2 restricts hepatocellular carcinoma by suppressing stem cell-like traits through KDM2A-mediated H3K36 demethylation"""	CORRECTED from 0 to -1: multiple independent studies establish ZHX2 as a tumor suppressor specifically in hepatocellular carcinoma (represses oncofetal AFP and GPC3, restrains HCC stemness); evidence is HCC-specific so confidence kept Medium rather than High
znf342	0	Literature-researched (this session, Sept 2026) — please double-check	Low	No substantive cancer-specific literature found beyond general zinc-finger transcription factor gene records	Minimal characterization in cancer biology; target identity is known (a C2H2 zinc-finger protein) but functional role in tumorigenesis is not established in the literature searched, so kept ambiguous/Low confidence
